<?xml version="1.0" encoding="utf-8"?>
<osis xmlns:xsi="http://www.w3.org/2001/XMLSchema-instance" xsi:schemaLocation="http://www.bibletechnologies.net/2003/OSIS/namespace http://www.bibletechnologies.net/osisCore.2.1.1.xsd" xmlns="http://www.bibletechnologies.net/2003/OSIS/namespace">
  <osisText xml:lang="he" osisIDWork="WLC">
    <header>
      <revisionDesc resp="dt">
        <date>2008.08.08</date>
        <p>Convert the Westminster Leningrad Codex files from TEI markup to OSIS book files.</p>
      </revisionDesc>
      <work osisWork="WLC" xml:lang="he">
        <title>Westminster Leningrad Codex</title>
        <contributor role="edt">Daniel Owens</contributor>
        <contributor role="edt">David Troidl</contributor>
        <contributor role="edt">Christopher V. Kimball</contributor>
        <date>2007.9.16</date>
        <identifier type="URL">http://www.tanach.us/Tanach.xml</identifier>
        <rights>Public Domain</rights>
      </work>
      <work osisWork="BHS" xml:lang="he">
        <title>BHS unaccented with Strongs</title>
        <contributor role="edt">Joseph Planeta</contributor>
        <contributor role="edt">Rev. Graham Nind</contributor>
        <description>Unaccented Biblia Hebraica Stuttgartensia Hebrew with Strong's numbers by Rev. Graham.</description>
        <identifier type="URL">http://www.faithofgod.net/</identifier>
        <identifier type="URL">http://www.grahamnind.dsl.pipex.com/files</identifier>
        <rights>Public Domain</rights>
      </work>
      <work osisWork="Strong" xml:lang="en">
        <title>A Concise Dictionary of the Words in the Hebrew Bible</title>
        <title type="sub">with their Renderings in the King James Version</title>
        <contributor role="edt">David Troidl</contributor>
        <contributor role="edt">David Instone-Brewer</contributor>
        <creator role="edt">James Strong, LL.D., S.T.D.</creator>
        <date>1894</date>
        <description resp="dib">The data came from several PD sources which were full of errors. I cleaned them by comparing them to each other and (where necessary) looking at the original.</description>
        <publisher>Hunt &amp;amp; Eaton</publisher>
        <identifier type="URL">www.2LetterLookup.com</identifier>
        <source>The exhaustive concordance of the Bible:</source>
        <rights>Public Domain</rights>
      </work>
      <workPrefix path="//w/@lemma" osisWork="Strong" />
    </header>
    <div type="book" osisID="Hag">
      <chapter osisID="Hag.1">
        <verse osisID="Hag.1.1">
          <w lemma="8141">בִּ/שְׁנַ֤ת</w>
          <w lemma="8147">שְׁתַּ֙יִם֙</w>
          <w lemma="1867">לְ/דָרְיָ֣וֶשׁ</w>
          <w lemma="4428">הַ/מֶּ֔לֶךְ</w>
          <w lemma="2320">בַּ/חֹ֙דֶשׁ֙</w>
          <w lemma="8345">הַ/שִּׁשִּׁ֔י</w>
          <w lemma="3117">בְּ/י֥וֹם</w>
          <w lemma="259">אֶחָ֖ד</w>
          <w lemma="2320">לַ/חֹ֑דֶשׁ</w>
          <w lemma="1961">הָיָ֨ה</w>
          <w lemma="1697">דְבַר</w><seg type="x-maqqef">־</seg><w lemma="3068">יְהוָ֜ה</w>
          <w lemma="3027">בְּ/יַד</w><seg type="x-maqqef">־</seg><w lemma="2292">חַגַּ֣י</w>
          <w lemma="5030">הַ/נָּבִ֗יא</w>
          <w lemma="413">אֶל</w><seg type="x-maqqef">־</seg><w lemma="2216">זְרֻבָּבֶ֤ל</w>
          <w lemma="1121">בֶּן</w><seg type="x-maqqef">־</seg><w lemma="7597">שְׁאַלְתִּיאֵל֙</w>
          <w lemma="6346">פַּחַ֣ת</w>
          <w lemma="3063">יְהוּדָ֔ה</w>
          <w lemma="413">וְ/אֶל</w><seg type="x-maqqef">־</seg><w lemma="3091">יְהוֹשֻׁ֧עַ</w>
          <w lemma="1121">בֶּן</w><seg type="x-maqqef">־</seg><w lemma="3087">יְהוֹצָדָ֛ק</w>
          <w lemma="3548">הַ/כֹּהֵ֥ן</w>
          <w lemma="1419">הַ/גָּד֖וֹל</w>
          <w lemma="559">לֵ/אמֹֽר</w><seg type="x-sof-pasuq">׃</seg> 
        </verse>
        <verse osisID="Hag.1.2">
          <w lemma="3541">כֹּ֥ה</w>
          <w lemma="559">אָמַ֛ר</w>
          <w lemma="3068">יְהוָ֥ה</w>
          <w lemma="6635">צְבָא֖וֹת</w>
          <w lemma="559">לֵ/אמֹ֑ר</w>
          <w lemma="5971">הָ/עָ֤ם</w>
          <w lemma="2088">הַ/זֶּה֙</w>
          <w lemma="559">אָֽמְר֔וּ</w>
          <w lemma="3808">לֹ֥א</w>
          <w lemma="6256">עֶת</w><seg type="x-maqqef">־</seg><w lemma="935">בֹּ֛א</w>
          <w lemma="6256">עֶת</w><seg type="x-maqqef">־</seg><w lemma="1004">בֵּ֥ית</w>
          <w lemma="3068">יְהוָ֖ה</w>
          <w lemma="1129">לְ/הִבָּנֽוֹת</w><seg type="x-sof-pasuq">׃</seg> 
          <seg type="x-pe">פ</seg>
        </verse>
        <verse osisID="Hag.1.3">
          <w lemma="1961">וַֽ/יְהִי֙</w>
          <w lemma="1697">דְּבַר</w><seg type="x-maqqef">־</seg><w lemma="3068">יְהוָ֔ה</w>
          <w lemma="3027">בְּ/יַד</w><seg type="x-maqqef">־</seg><w lemma="2292">חַגַּ֥י</w>
          <w lemma="5030">הַ/נָּבִ֖יא</w>
          <w lemma="559">לֵ/אמֹֽר</w><seg type="x-sof-pasuq">׃</seg> 
        </verse>
        <verse osisID="Hag.1.4">
          <w lemma="6256">הַ/עֵ֤ת</w>
          <w>לָ/כֶם֙</w>
          <w lemma="859">אַתֶּ֔ם</w>
          <w lemma="3427">לָ/שֶׁ֖בֶת</w>
          <w lemma="1004">בְּ/בָתֵּי/כֶ֣ם</w>
          <w lemma="5603">סְפוּנִ֑ים</w>
          <w lemma="1004">וְ/הַ/בַּ֥יִת</w>
          <w lemma="2088">הַ/זֶּ֖ה</w>
          <w lemma="2720">חָרֵֽב</w><seg type="x-sof-pasuq">׃</seg> 
        </verse>
        <verse osisID="Hag.1.5">
          <w lemma="6258">וְ/עַתָּ֕ה</w>
          <w lemma="3541">כֹּ֥ה</w>
          <w lemma="559">אָמַ֖ר</w>
          <w lemma="3068">יְהוָ֣ה</w>
          <w lemma="6635">צְבָא֑וֹת</w>
          <w lemma="7760">שִׂ֥ימוּ</w>
          <w lemma="3824">לְבַבְ/כֶ֖ם</w>
          <w lemma="5921">עַל</w><seg type="x-maqqef">־</seg><w lemma="1870">דַּרְכֵי/כֶֽם</w><seg type="x-sof-pasuq">׃</seg> 
        </verse>
        <verse osisID="Hag.1.6">
          <w lemma="2232">זְרַעְתֶּ֨ם</w>
          <w lemma="7235">הַרְבֵּ֜ה</w>
          <w lemma="935">וְ/הָבֵ֣א</w>
          <w lemma="4592">מְעָ֗ט</w>
          <w lemma="398">אָכ֤וֹל</w>
          <w lemma="369">וְ/אֵין</w><seg type="x-maqqef">־</seg><w lemma="7654">לְ/שָׂבְעָה֙</w>
          <w lemma="8354">שָׁת֣וֹ</w>
          <w lemma="369">וְ/אֵין</w><seg type="x-maqqef">־</seg><w lemma="7937">לְ/שָׁכְרָ֔/ה</w>
          <w lemma="3847">לָב֖וֹשׁ</w>
          <w lemma="369">וְ/אֵין</w><seg type="x-maqqef">־</seg><w lemma="2527">לְ/חֹ֣ם</w>
          <w>ל֑/וֹ</w>
          <w lemma="7936">וְ/הַ֨/מִּשְׂתַּכֵּ֔ר</w>
          <w lemma="7936">מִשְׂתַּכֵּ֖ר</w>
          <w lemma="413">אֶל</w><seg type="x-maqqef">־</seg><w lemma="6872">צְר֥וֹר</w>
          <w lemma="5344">נָקֽוּב</w><seg type="x-sof-pasuq">׃</seg> 
          <seg type="x-pe">פ</seg>
        </verse>
        <verse osisID="Hag.1.7">
          <w lemma="3541">כֹּ֥ה</w>
          <w lemma="559">אָמַ֖ר</w>
          <w lemma="3068">יְהוָ֣ה</w>
          <w lemma="6635">צְבָא֑וֹת</w>
          <w lemma="7760">שִׂ֥ימוּ</w>
          <w lemma="3824">לְבַבְ/כֶ֖ם</w>
          <w lemma="5921">עַל</w><seg type="x-maqqef">־</seg><w lemma="1870">דַּרְכֵי/כֶֽם</w><seg type="x-sof-pasuq">׃</seg> 
        </verse>
        <verse osisID="Hag.1.8">
          <w lemma="5927">עֲל֥וּ</w>
          <w lemma="2022">הָ/הָ֛ר</w>
          <w lemma="935">וַ/הֲבֵאתֶ֥ם</w>
          <w lemma="6086">עֵ֖ץ</w>
          <w lemma="1129">וּ/בְנ֣וּ</w>
          <w lemma="1004">הַ/בָּ֑יִת</w>
          <w lemma="7521">וְ/אֶרְצֶה</w><seg type="x-maqqef">־</seg><w>בּ֥/וֹ</w>
          <w lemma="3513">ו/אכבד</w><note type="variant"><catchWord>ו/אכבד</catchWord><rdg type="x-qere"><w lemma="3513">וְ/אֶכָּבְדָ֖ה</w></rdg></note>
          <w lemma="559">אָמַ֥ר</w>
          <w lemma="3068">יְהוָֽה</w><seg type="x-sof-pasuq">׃</seg> 
        </verse>
        <verse osisID="Hag.1.9">
          <w lemma="6437">פָּנֹ֤ה</w>
          <w lemma="413">אֶל</w><seg type="x-maqqef">־</seg><w lemma="7235">הַרְבֵּה֙</w>
          <w lemma="2009">וְ/הִנֵּ֣ה</w>
          <w lemma="4592">לִ/מְעָ֔ט</w>
          <w lemma="935">וַ/הֲבֵאתֶ֥ם</w>
          <w lemma="1004">הַ/בַּ֖יִת</w>
          <w lemma="5301">וְ/נָפַ֣חְתִּי</w>
          <w>ב֑/וֹ</w>
          <w lemma="3282">יַ֣עַן</w>
          <w lemma="4100">מֶ֗ה</w>
          <w lemma="5002">נְאֻם֙</w>
          <w lemma="3068">יְהוָ֣ה</w>
          <w lemma="6635">צְבָא֔וֹת</w>
          <w lemma="3282">יַ֗עַן</w>
          <w lemma="1004">בֵּיתִ/י֙</w>
          <w lemma="834">אֲשֶׁר</w><seg type="x-maqqef">־</seg><w lemma="1931">ה֣וּא</w>
          <w lemma="2720">חָרֵ֔ב</w>
          <w lemma="859">וְ/אַתֶּ֥ם</w>
          <w lemma="7323">רָצִ֖ים</w>
          <w lemma="376">אִ֥ישׁ</w>
          <w lemma="1004">לְ/בֵיתֽ/וֹ</w><seg type="x-sof-pasuq">׃</seg> 
        </verse>
        <verse osisID="Hag.1.10">
          <w lemma="5921">עַל</w><seg type="x-maqqef">־</seg><w lemma="3651">כֵּ֣ן</w>
          <w lemma="5921">עֲלֵי/כֶ֔ם</w>
          <w lemma="3607">כָּלְא֥וּ</w>
          <w lemma="8064">שָׁמַ֖יִם</w>
          <w lemma="2919">מִ/טָּ֑ל</w>
          <w lemma="776">וְ/הָ/אָ֖רֶץ</w>
          <w lemma="3607">כָּלְאָ֥ה</w>
          <w lemma="2981">יְבוּלָֽ/הּ</w><seg type="x-sof-pasuq">׃</seg> 
        </verse>
        <verse osisID="Hag.1.11">
          <w lemma="7121">וָ/אֶקְרָ֨א</w>
          <w lemma="2721">חֹ֜רֶב</w>
          <w lemma="5921">עַל</w><seg type="x-maqqef">־</seg><w lemma="776">הָ/אָ֣רֶץ</w>
          <w lemma="5921">וְ/עַל</w><seg type="x-maqqef">־</seg><w lemma="2022">הֶ/הָרִ֗ים</w>
          <w lemma="5921">וְ/עַל</w><seg type="x-maqqef">־</seg><w lemma="1715">הַ/דָּגָן֙</w>
          <w lemma="5921">וְ/עַל</w><seg type="x-maqqef">־</seg><w lemma="8492">הַ/תִּיר֣וֹשׁ</w>
          <w lemma="5921">וְ/עַל</w><seg type="x-maqqef">־</seg><w lemma="3323">הַ/יִּצְהָ֔ר</w>
          <w lemma="5921">וְ/עַ֛ל</w>
          <w lemma="834">אֲשֶׁ֥ר</w>
          <w lemma="3318">תּוֹצִ֖יא</w>
          <w lemma="127">הָ/אֲדָמָ֑ה</w>
          <w lemma="5921">וְ/עַל</w><seg type="x-maqqef">־</seg><w lemma="120">הָֽ/אָדָם֙</w>
          <w lemma="5921">וְ/עַל</w><seg type="x-maqqef">־</seg><w lemma="929">הַ/בְּהֵמָ֔ה</w>
          <w lemma="5921">וְ/עַ֖ל</w>
          <w lemma="3605">כָּל</w><seg type="x-maqqef">־</seg><w lemma="3018">יְגִ֥יעַ</w>
          <w lemma="3709">כַּפָּֽיִם</w><seg type="x-sof-pasuq">׃</seg> 
          <seg type="x-samekh">ס</seg> 
        </verse>
        <verse osisID="Hag.1.12">
          <w lemma="8085">וַ/יִּשְׁמַ֣ע</w>
          <w lemma="2216">זְרֻבָּבֶ֣ל</w>
          <seg type="x-paseq">׀</seg> 
          <w lemma="1121">בֶּֽן</w><seg type="x-maqqef">־</seg><w lemma="7597">שַׁלְתִּיאֵ֡ל</w>
          <w lemma="3091">וִ/יהוֹשֻׁ֣עַ</w>
          <w lemma="1121">בֶּן</w><seg type="x-maqqef">־</seg><w lemma="3087">יְהוֹצָדָק֩</w>
          <w lemma="3548">הַ/כֹּהֵ֨ן</w>
          <w lemma="1419">הַ/גָּד֜וֹל</w>
          <w lemma="3605">וְ/כֹ֣ל</w>
          <seg type="x-paseq">׀</seg> 
          <w lemma="7611">שְׁאֵרִ֣ית</w>
          <w lemma="5971">הָ/עָ֗ם</w>
          <w lemma="6963">בְּ/קוֹל֙</w>
          <w lemma="3068">יְהוָ֣ה</w>
          <w lemma="430">אֱלֹֽהֵי/הֶ֔ם</w>
          <w lemma="5921">וְ/עַל</w><seg type="x-maqqef">־</seg><w lemma="1697">דִּבְרֵי֙</w>
          <w lemma="2292">חַגַּ֣י</w>
          <w lemma="5030">הַ/נָּבִ֔יא</w>
          <w lemma="834">כַּ/אֲשֶׁ֥ר</w>
          <w lemma="7971">שְׁלָח֖/וֹ</w>
          <w lemma="3068">יְהוָ֣ה</w>
          <w lemma="430">אֱלֹהֵי/הֶ֑ם</w>
          <w lemma="3372">וַ/יִּֽירְא֥וּ</w>
          <w lemma="5971">הָ/עָ֖ם</w>
          <w lemma="6440">מִ/פְּנֵ֥י</w>
          <w lemma="3068">יְהוָֽה</w><seg type="x-sof-pasuq">׃</seg> 
        </verse>
        <verse osisID="Hag.1.13">
          <w lemma="559">וַ֠/יֹּאמֶר</w>
          <w lemma="2292">חַגַּ֞י</w>
          <w lemma="4397">מַלְאַ֧ךְ</w>
          <w lemma="3068">יְהוָ֛ה</w>
          <w lemma="4400">בְּ/מַלְאֲכ֥וּת</w>
          <w lemma="3068">יְהוָ֖ה</w>
          <w lemma="5971">לָ/עָ֣ם</w>
          <w lemma="559">לֵ/אמֹ֑ר</w>
          <w lemma="589">אֲנִ֥י</w>
          <w lemma="854">אִתְּ/כֶ֖ם</w>
          <w lemma="5002">נְאֻם</w><seg type="x-maqqef">־</seg><w lemma="3068">יְהוָֽה</w><seg type="x-sof-pasuq">׃</seg> 
        </verse>
        <verse osisID="Hag.1.14">
          <w lemma="5782">וַ/יָּ֣עַר</w>
          <w lemma="3068">יְהוָ֡ה</w>
          <w lemma="853">אֶת</w><seg type="x-maqqef">־</seg><w lemma="7307">רוּחַ֩</w>
          <w lemma="2216">זְרֻבָּבֶ֨ל</w>
          <w lemma="1121">בֶּן</w><seg type="x-maqqef">־</seg><w lemma="7597">שַׁלְתִּיאֵ֜ל</w>
          <w lemma="6346">פַּחַ֣ת</w>
          <w lemma="3063">יְהוּדָ֗ה</w>
          <w lemma="853">וְ/אֶת</w><seg type="x-maqqef">־</seg><w lemma="7307">ר֙וּחַ֙</w>
          <w lemma="3091">יְהוֹשֻׁ֤עַ</w>
          <w lemma="1121">בֶּן</w><seg type="x-maqqef">־</seg><w lemma="3087">יְהוֹצָדָק֙</w>
          <w lemma="3548">הַ/כֹּהֵ֣ן</w>
          <w lemma="1419">הַ/גָּד֔וֹל</w>
          <w lemma="853">וְֽ/אֶת</w><seg type="x-maqqef">־</seg><w lemma="7307">ר֔וּחַ</w>
          <w lemma="3605">כֹּ֖ל</w>
          <w lemma="7611">שְׁאֵרִ֣ית</w>
          <w lemma="5971">הָ/עָ֑ם</w>
          <w lemma="935">וַ/יָּבֹ֙אוּ֙</w>
          <w lemma="6213">וַ/יַּעֲשׂ֣וּ</w>
          <w lemma="4399">מְלָאכָ֔ה</w>
          <w lemma="1004">בְּ/בֵית</w><seg type="x-maqqef">־</seg><w lemma="3068">יְהוָ֥ה</w>
          <w lemma="6635">צְבָא֖וֹת</w>
          <w lemma="430">אֱלֹהֵי/הֶֽם</w><seg type="x-sof-pasuq">׃</seg> 
          <seg type="x-pe">פ</seg>
        </verse>
        <verse osisID="Hag.1.15">
          <w lemma="3117">בְּ/י֨וֹם</w>
          <w lemma="6242">עֶשְׂרִ֧ים</w>
          <w lemma="702">וְ/אַרְבָּעָ֛ה</w>
          <w lemma="2320">לַ/חֹ֖דֶשׁ</w>
          <w lemma="8345">בַּ/שִּׁשִּׁ֑י</w>
          <w lemma="8141">בִּ/שְׁנַ֥ת</w>
          <w lemma="8147">שְׁתַּ֖יִם</w>
          <w lemma="1867">לְ/דָרְיָ֥וֶשׁ</w>
          <w lemma="4428">הַ/מֶּֽלֶךְ</w><seg type="x-sof-pasuq">׃</seg> 
        </verse>
      </chapter>
      <chapter osisID="Hag.2">
        <verse osisID="Hag.2.1">
          <w lemma="7637">בַּ/שְּׁבִיעִ֕י</w>
          <w lemma="6242">בְּ/עֶשְׂרִ֥ים</w>
          <w lemma="259">וְ/אֶחָ֖ד</w>
          <w lemma="2320">לַ/חֹ֑דֶשׁ</w>
          <w lemma="1961">הָיָה֙</w>
          <w lemma="1697">דְּבַר</w><seg type="x-maqqef">־</seg><w lemma="3068">יְהוָ֔ה</w>
          <w lemma="3027">בְּ/יַד</w><seg type="x-maqqef">־</seg><w lemma="2292">חַגַּ֥י</w>
          <w lemma="5030">הַ/נָּבִ֖יא</w>
          <w lemma="559">לֵ/אמֹֽר</w><seg type="x-sof-pasuq">׃</seg> 
        </verse>
        <verse osisID="Hag.2.2">
          <w lemma="559">אֱמָר</w><seg type="x-maqqef">־</seg><w lemma="4994">נָ֗א</w>
          <w lemma="413">אֶל</w><seg type="x-maqqef">־</seg><w lemma="2216">זְרֻבָּבֶ֤ל</w>
          <w lemma="1121">בֶּן</w><seg type="x-maqqef">־</seg><w lemma="7597">שַׁלְתִּיאֵל֙</w>
          <w lemma="6346">פַּחַ֣ת</w>
          <w lemma="3063">יְהוּדָ֔ה</w>
          <w lemma="413">וְ/אֶל</w><seg type="x-maqqef">־</seg><w lemma="3091">יְהוֹשֻׁ֥עַ</w>
          <w lemma="1121">בֶּן</w><seg type="x-maqqef">־</seg><w lemma="3087">יְהוֹצָדָ֖ק</w>
          <w lemma="3548">הַ/כֹּהֵ֣ן</w>
          <w lemma="1419">הַ/גָּד֑וֹל</w>
          <w lemma="413">וְ/אֶל</w><seg type="x-maqqef">־</seg><w lemma="7611">שְׁאֵרִ֥ית</w>
          <w lemma="5971">הָ/עָ֖ם</w>
          <w lemma="559">לֵ/אמֹֽר</w><seg type="x-sof-pasuq">׃</seg> 
        </verse>
        <verse osisID="Hag.2.3">
          <w lemma="4310">מִ֤י</w>
          <w>בָ/כֶם֙</w>
          <w lemma="7604">הַ/נִּשְׁאָ֔ר</w>
          <w lemma="834">אֲשֶׁ֤ר</w>
          <w lemma="7200">רָאָה֙</w>
          <w lemma="853">אֶת</w><seg type="x-maqqef">־</seg><w lemma="1004">הַ/בַּ֣יִת</w>
          <w lemma="2088">הַ/זֶּ֔ה</w>
          <w lemma="3519">בִּ/כְבוֹד֖/וֹ</w>
          <w lemma="7223">הָ/רִאשׁ֑וֹן</w>
          <w lemma="4100">וּ/מָ֨ה</w>
          <w lemma="859">אַתֶּ֜ם</w>
          <w lemma="7200">רֹאִ֤ים</w>
          <w lemma="853">אֹת/וֹ֙</w>
          <w lemma="6258">עַ֔תָּה</w>
          <w lemma="3808">הֲ/ל֥וֹא</w>
          <w lemma="3644">כָמֹ֛/הוּ</w>
          <w lemma="369">כְּ/אַ֖יִן</w>
          <w lemma="5869">בְּ/עֵינֵי/כֶֽם</w><seg type="x-sof-pasuq">׃</seg> 
        </verse>
        <verse osisID="Hag.2.4">
          <w lemma="6258">וְ/עַתָּ֣ה</w>
          <w lemma="2388">חֲזַ֣ק</w>
          <w lemma="2216">זְרֻבָּבֶ֣ל</w>
          <seg type="x-paseq">׀</seg> 
          <w lemma="5002">נְאֻם</w><seg type="x-maqqef">־</seg><w lemma="3068">יְהוָ֡ה</w>
          <w lemma="2388">וַ/חֲזַ֣ק</w>
          <w lemma="3091">יְהוֹשֻׁ֣עַ</w>
          <w lemma="1121">בֶּן</w><seg type="x-maqqef">־</seg><w lemma="3087">יְהוֹצָדָק֩</w>
          <w lemma="3548">הַ/כֹּהֵ֨ן</w>
          <w lemma="1419">הַ/גָּד֜וֹל</w>
          <w lemma="2388">וַ/חֲזַ֨ק</w>
          <w lemma="3605">כָּל</w><seg type="x-maqqef">־</seg><w lemma="5971">עַ֥ם</w>
          <w lemma="776">הָ/אָ֛רֶץ</w>
          <w lemma="5002">נְאֻם</w><seg type="x-maqqef">־</seg><w lemma="3068">יְהוָ֖ה</w>
          <w lemma="6213">וַֽ/עֲשׂ֑וּ</w>
          <w lemma="3588">כִּֽי</w><seg type="x-maqqef">־</seg><w lemma="589">אֲנִ֣י</w>
          <w lemma="854">אִתְּ/כֶ֔ם</w>
          <w lemma="5002">נְאֻ֖ם</w>
          <w lemma="3068">יְהוָ֥ה</w>
          <w lemma="6635">צְבָאֽוֹת</w><seg type="x-sof-pasuq">׃</seg> 
        </verse>
        <verse osisID="Hag.2.5">
          <w lemma="853">אֶֽת</w><seg type="x-maqqef">־</seg><w lemma="1697">הַ/דָּבָ֞ר</w>
          <w lemma="834">אֲשֶׁר</w><seg type="x-maqqef">־</seg><w lemma="3772">כָּרַ֤תִּי</w>
          <w lemma="854">אִתְּ/כֶם֙</w>
          <w lemma="3318">בְּ/צֵאתְ/כֶ֣ם</w>
          <w lemma="4714">מִ/מִּצְרַ֔יִם</w>
          <w lemma="7307">וְ/רוּחִ֖/י</w>
          <w lemma="5975">עֹמֶ֣דֶת</w>
          <w lemma="8432">בְּ/תוֹכְ/כֶ֑ם</w>
          <w lemma="408">אַל</w><seg type="x-maqqef">־</seg><w lemma="3372">תִּירָֽאוּ</w><seg type="x-sof-pasuq">׃</seg> 
          <seg type="x-samekh">ס</seg> 
        </verse>
        <verse osisID="Hag.2.6">
          <w lemma="3588">כִּ֣י</w>
          <w lemma="3541">כֹ֤ה</w>
          <w lemma="559">אָמַר֙</w>
          <w lemma="3068">יְהוָ֣ה</w>
          <w lemma="6635">צְבָא֔וֹת</w>
          <w lemma="5750">ע֥וֹד</w>
          <w lemma="259">אַחַ֖ת</w>
          <w lemma="4592">מְעַ֣ט</w>
          <w lemma="1931">הִ֑יא</w>
          <w lemma="589">וַ/אֲנִ֗י</w>
          <w lemma="7493">מַרְעִישׁ֙</w>
          <w lemma="853">אֶת</w><seg type="x-maqqef">־</seg><w lemma="8064">הַ/שָּׁמַ֣יִם</w>
          <w lemma="853">וְ/אֶת</w><seg type="x-maqqef">־</seg><w lemma="776">הָ/אָ֔רֶץ</w>
          <w lemma="853">וְ/אֶת</w><seg type="x-maqqef">־</seg><w lemma="3220">הַ/יָּ֖ם</w>
          <w lemma="853">וְ/אֶת</w><seg type="x-maqqef">־</seg><w lemma="2724">הֶ/חָרָבָֽה</w><seg type="x-sof-pasuq">׃</seg> 
        </verse>
        <verse osisID="Hag.2.7">
          <w lemma="7493">וְ/הִרְעַשְׁתִּי֙</w>
          <w lemma="853">אֶת</w><seg type="x-maqqef">־</seg><w lemma="3605">כָּל</w><seg type="x-maqqef">־</seg><w lemma="1471">הַ/גּוֹיִ֔ם</w>
          <w lemma="935">וּ/בָ֖אוּ</w>
          <w lemma="2532">חֶמְדַּ֣ת</w>
          <w lemma="3605">כָּל</w><seg type="x-maqqef">־</seg><w lemma="1471">הַ/גּוֹיִ֑ם</w>
          <w lemma="4390">וּ/מִלֵּאתִ֞י</w>
          <w lemma="853">אֶת</w><seg type="x-maqqef">־</seg><w lemma="1004">הַ/בַּ֤יִת</w>
          <w lemma="2088">הַ/זֶּה֙</w>
          <w lemma="3519">כָּב֔וֹד</w>
          <w lemma="559">אָמַ֖ר</w>
          <w lemma="3068">יְהוָ֥ה</w>
          <w lemma="6635">צְבָאֽוֹת</w><seg type="x-sof-pasuq">׃</seg> 
        </verse>
        <verse osisID="Hag.2.8">
          <w>לִ֥/י</w>
          <w lemma="3701">הַ/כֶּ֖סֶף</w>
          <w>וְ/לִ֣/י</w>
          <w lemma="2091">הַ/זָּהָ֑ב</w>
          <w lemma="5002">נְאֻ֖ם</w>
          <w lemma="3068">יְהוָ֥ה</w>
          <w lemma="6635">צְבָאֽוֹת</w><seg type="x-sof-pasuq">׃</seg> 
        </verse>
        <verse osisID="Hag.2.9">
          <w lemma="1419">גָּד֣וֹל</w>
          <w lemma="1961">יִֽהְיֶ֡ה</w>
          <w lemma="3519">כְּבוֹד֩</w>
          <w lemma="1004">הַ/בַּ֨יִת</w>
          <w lemma="2088">הַ/זֶּ֤ה</w>
          <w lemma="314">הָ/אַֽחֲרוֹן֙</w>
          <w lemma="4480">מִן</w><seg type="x-maqqef">־</seg><w lemma="7223">הָ֣/רִאשׁ֔וֹן</w>
          <w lemma="559">אָמַ֖ר</w>
          <w lemma="3068">יְהוָ֣ה</w>
          <w lemma="6635">צְבָא֑וֹת</w>
          <w lemma="4725">וּ/בַ/מָּק֤וֹם</w>
          <w lemma="2088">הַ/זֶּה֙</w>
          <w lemma="5414">אֶתֵּ֣ן</w>
          <w lemma="7965">שָׁל֔וֹם</w>
          <w lemma="5002">נְאֻ֖ם</w>
          <w lemma="3068">יְהוָ֥ה</w>
          <w lemma="6635">צְבָאֽוֹת</w><seg type="x-sof-pasuq">׃</seg> 
          <seg type="x-pe">פ</seg>
        </verse>
        <verse osisID="Hag.2.10">
          <w lemma="6242">בְּ/עֶשְׂרִ֤ים</w>
          <w lemma="702">וְ/אַרְבָּעָה֙</w>
          <w lemma="8671">לַ/תְּשִׁיעִ֔י</w>
          <w lemma="8141">בִּ/שְׁנַ֥ת</w>
          <w lemma="8147">שְׁתַּ֖יִם</w>
          <w lemma="1867">לְ/דָרְיָ֑וֶשׁ</w>
          <w lemma="1961">הָיָה֙</w>
          <w lemma="1697">דְּבַר</w><seg type="x-maqqef">־</seg><w lemma="3068">יְהוָ֔ה</w>
          <w lemma="413">אֶל</w><seg type="x-maqqef">־</seg><w lemma="2292">חַגַּ֥י</w>
          <w lemma="5030">הַ/נָּבִ֖יא</w>
          <w lemma="559">לֵ/אמֹֽר</w><seg type="x-sof-pasuq">׃</seg> 
        </verse>
        <verse osisID="Hag.2.11">
          <w lemma="3541">כֹּ֥ה</w>
          <w lemma="559">אָמַ֖ר</w>
          <w lemma="3068">יְהוָ֣ה</w>
          <w lemma="6635">צְבָא֑וֹת</w>
          <w lemma="7592">שְׁאַל</w><seg type="x-maqqef">־</seg><w lemma="4994">נָ֧א</w>
          <w lemma="853">אֶת</w><seg type="x-maqqef">־</seg><w lemma="3548">הַ/כֹּהֲנִ֛ים</w>
          <w lemma="8451">תּוֹרָ֖ה</w>
          <w lemma="559">לֵ/אמֹֽר</w><seg type="x-sof-pasuq">׃</seg> 
        </verse>
        <verse osisID="Hag.2.12">
          <w lemma="2005">הֵ֣ן</w>
          <seg type="x-paseq">׀</seg> 
          <w lemma="5375">יִשָּׂא</w><seg type="x-maqqef">־</seg><w lemma="376">אִ֨ישׁ</w>
          <w lemma="1320">בְּשַׂר</w><seg type="x-maqqef">־</seg><w lemma="6944">קֹ֜דֶשׁ</w>
          <w lemma="3671">בִּ/כְנַ֣ף</w>
          <w lemma="899">בִּגְד֗/וֹ</w>
          <w lemma="5060">וְ/נָגַ֣ע</w>
          <w lemma="3671">בִּ֠/כְנָפ/וֹ</w>
          <w lemma="413">אֶל</w><seg type="x-maqqef">־</seg><w lemma="3899">הַ/לֶּ֨חֶם</w>
          <w lemma="413">וְ/אֶל</w><seg type="x-maqqef">־</seg><w lemma="5138">הַ/נָּזִ֜יד</w>
          <w lemma="413">וְ/אֶל</w><seg type="x-maqqef">־</seg><w lemma="3196">הַ/יַּ֧יִן</w>
          <w lemma="413">וְ/אֶל</w><seg type="x-maqqef">־</seg><w lemma="8081">שֶׁ֛מֶן</w>
          <w lemma="413">וְ/אֶל</w><seg type="x-maqqef">־</seg><w lemma="3605">כָּל</w><seg type="x-maqqef">־</seg><w lemma="3978">מַאֲכָ֖ל</w>
          <w lemma="6942">הֲ/יִקְדָּ֑שׁ</w>
          <w lemma="6030">וַ/יַּעֲנ֧וּ</w>
          <w lemma="3548">הַ/כֹּהֲנִ֛ים</w>
          <w lemma="559">וַ/יֹּאמְר֖וּ</w>
          <w lemma="3808">לֹֽא</w><seg type="x-sof-pasuq">׃</seg> 
        </verse>
        <verse osisID="Hag.2.13">
          <w lemma="559">וַ/יֹּ֣אמֶר</w>
          <w lemma="2292">חַגַּ֔י</w>
          <w lemma="518">אִם</w><seg type="x-maqqef">־</seg><w lemma="5060">יִגַּ֧ע</w>
          <w lemma="2931">טְמֵא</w><seg type="x-maqqef">־</seg><w lemma="5315">נֶ֛פֶשׁ</w>
          <w lemma="3605">בְּ/כָל</w><seg type="x-maqqef">־</seg><w lemma="428">אֵ֖לֶּה</w>
          <w lemma="2930">הֲ/יִטְמָ֑א</w>
          <w lemma="6030">וַ/יַּעֲנ֧וּ</w>
          <w lemma="3548">הַ/כֹּהֲנִ֛ים</w>
          <w lemma="559">וַ/יֹּאמְר֖וּ</w>
          <w lemma="2930">יִטְמָֽא</w><seg type="x-sof-pasuq">׃</seg> 
        </verse>
        <verse osisID="Hag.2.14">
          <w lemma="6030">וַ/יַּ֨עַן</w>
          <w lemma="2292">חַגַּ֜י</w>
          <w lemma="559">וַ/יֹּ֗אמֶר</w>
          <w lemma="3651">כֵּ֣ן</w>
          <w lemma="5971">הָֽ/עָם</w><seg type="x-maqqef">־</seg><w lemma="2088">הַ֠/זֶּה</w>
          <w lemma="3651">וְ/כֵן</w><seg type="x-maqqef">־</seg><w lemma="1471">הַ/גּ֨וֹי</w>
          <w lemma="2088">הַ/זֶּ֤ה</w>
          <w lemma="6440">לְ/פָנַ/י֙</w>
          <w lemma="5002">נְאֻם</w><seg type="x-maqqef">־</seg><w lemma="3068">יְהוָ֔ה</w>
          <w lemma="3651">וְ/כֵ֖ן</w>
          <w lemma="3605">כָּל</w><seg type="x-maqqef">־</seg><w lemma="4639">מַעֲשֵׂ֣ה</w>
          <w lemma="3027">יְדֵי/הֶ֑ם</w>
          <w lemma="834">וַ/אֲשֶׁ֥ר</w>
          <w lemma="7126">יַקְרִ֛יבוּ</w>
          <w lemma="8033">שָׁ֖ם</w>
          <w lemma="2931">טָמֵ֥א</w>
          <w lemma="1931">הֽוּא</w><seg type="x-sof-pasuq">׃</seg> 
        </verse>
        <verse osisID="Hag.2.15">
          <w lemma="6258">וְ/עַתָּה֙</w>
          <w lemma="7760">שִֽׂימוּ</w><seg type="x-maqqef">־</seg><w lemma="4994">נָ֣א</w>
          <w lemma="3824">לְבַבְ/כֶ֔ם</w>
          <w lemma="4480">מִן</w><seg type="x-maqqef">־</seg><w lemma="3117">הַ/יּ֥וֹם</w>
          <w lemma="2088">הַ/זֶּ֖ה</w>
          <w lemma="4605">וָ/מָ֑עְלָ/ה</w>
          <w lemma="2962">מִ/טֶּ֧רֶם</w>
          <w lemma="7760">שֽׂוּם</w><seg type="x-maqqef">־</seg><w lemma="68">אֶ֛בֶן</w>
          <w lemma="413">אֶל</w><seg type="x-maqqef">־</seg><w lemma="68">אֶ֖בֶן</w>
          <w lemma="1964">בְּ/הֵיכַ֥ל</w>
          <w lemma="3068">יְהוָֽה</w><seg type="x-sof-pasuq">׃</seg> 
        </verse>
        <verse osisID="Hag.2.16">
          <w lemma="1961">מִֽ/הְיוֹתָ֥/ם</w>
          <w lemma="935">בָּא֙</w>
          <w lemma="413">אֶל</w><seg type="x-maqqef">־</seg><w lemma="6194">עֲרֵמַ֣ת</w>
          <w lemma="6242">עֶשְׂרִ֔ים</w>
          <w lemma="1961">וְ/הָיְתָ֖ה</w>
          <w lemma="6235">עֲשָׂרָ֑ה</w>
          <w lemma="935">בָּ֣א</w>
          <w lemma="413">אֶל</w><seg type="x-maqqef">־</seg><w lemma="3342">הַ/יֶּ֗קֶב</w>
          <w lemma="2834">לַ/חְשֹׂף֙</w>
          <w lemma="2572">חֲמִשִּׁ֣ים</w>
          <w lemma="6333">פּוּרָ֔ה</w>
          <w lemma="1961">וְ/הָיְתָ֖ה</w>
          <w lemma="6242">עֶשְׂרִֽים</w><seg type="x-sof-pasuq">׃</seg> 
        </verse>
        <verse osisID="Hag.2.17">
          <w lemma="5221">הִכֵּ֨יתִי</w>
          <w lemma="853">אֶתְ/כֶ֜ם</w>
          <w lemma="7711">בַּ/שִּׁדָּפ֤וֹן</w>
          <w lemma="3420">וּ/בַ/יֵּֽרָקוֹן֙</w>
          <w lemma="1259">וּ/בַ/בָּרָ֔ד</w>
          <w lemma="853">אֵ֖ת</w>
          <w lemma="3605">כָּל</w><seg type="x-maqqef">־</seg><w lemma="4639">מַעֲשֵׂ֣ה</w>
          <w lemma="3027">יְדֵי/כֶ֑ם</w>
          <w lemma="369">וְ/אֵין</w><seg type="x-maqqef">־</seg><w lemma="853">אֶתְ/כֶ֥ם</w>
          <w lemma="413">אֵלַ֖/י</w>
          <w lemma="5002">נְאֻם</w><seg type="x-maqqef">־</seg><w lemma="3068">יְהוָֽה</w><seg type="x-sof-pasuq">׃</seg> 
        </verse>
        <verse osisID="Hag.2.18">
          <w lemma="7760">שִׂימוּ</w><seg type="x-maqqef">־</seg><w lemma="4994">נָ֣א</w>
          <w lemma="3824">לְבַבְ/כֶ֔ם</w>
          <w lemma="4480">מִן</w><seg type="x-maqqef">־</seg><w lemma="3117">הַ/יּ֥וֹם</w>
          <w lemma="2088">הַ/זֶּ֖ה</w>
          <w lemma="4605">וָ/מָ֑עְלָ/ה</w>
          <w lemma="3117">מִ/יּוֹם֩</w>
          <w lemma="6242">עֶשְׂרִ֨ים</w>
          <w lemma="702">וְ/אַרְבָּעָ֜ה</w>
          <w lemma="8671">לַ/תְּשִׁיעִ֗י</w>
          <w lemma="4480">לְ/מִן</w><seg type="x-maqqef">־</seg><w lemma="3117">הַ/יּ֛וֹם</w>
          <w lemma="834">אֲשֶׁר</w><seg type="x-maqqef">־</seg><w lemma="3245">יֻסַּ֥ד</w>
          <w lemma="1964">הֵֽיכַל</w><seg type="x-maqqef">־</seg><w lemma="3068">יְהוָ֖ה</w>
          <w lemma="7760">שִׂ֥ימוּ</w>
          <w lemma="3824">לְבַבְ/כֶֽם</w><seg type="x-sof-pasuq">׃</seg> 
        </verse>
        <verse osisID="Hag.2.19">
          <w lemma="5750">הַ/ע֤וֹד</w>
          <w lemma="2233">הַ/זֶּ֙רַע֙</w>
          <w lemma="4035">בַּ/מְּגוּרָ֔ה</w>
          <w lemma="5704">וְ/עַד</w><seg type="x-maqqef">־</seg><w lemma="1612">הַ/גֶּ֨פֶן</w>
          <w lemma="8384">וְ/הַ/תְּאֵנָ֧ה</w>
          <w lemma="7416">וְ/הָ/רִמּ֛וֹן</w>
          <w lemma="6086">וְ/עֵ֥ץ</w>
          <w lemma="2132">הַ/זַּ֖יִת</w>
          <w lemma="3808">לֹ֣א</w>
          <w lemma="5375">נָשָׂ֑א</w>
          <w lemma="4480">מִן</w><seg type="x-maqqef">־</seg><w lemma="3117">הַ/יּ֥וֹם</w>
          <w lemma="2088">הַ/זֶּ֖ה</w>
          <w lemma="1288">אֲבָרֵֽךְ</w><seg type="x-sof-pasuq">׃</seg> 
          <seg type="x-samekh">ס</seg> 
        </verse>
        <verse osisID="Hag.2.20">
          <w lemma="1961">וַ/יְהִ֨י</w>
          <w lemma="1697">דְבַר</w><seg type="x-maqqef">־</seg><w lemma="3068">יְהוָ֤ה</w>
          <seg type="x-paseq">׀</seg> 
          <w lemma="8145">שֵׁנִית֙</w>
          <w lemma="413">אֶל</w><seg type="x-maqqef">־</seg><w lemma="2292">חַגַּ֔י</w>
          <w lemma="6242">בְּ/עֶשְׂרִ֧ים</w>
          <w lemma="702">וְ/אַרְבָּעָ֛ה</w>
          <w lemma="2320">לַ/חֹ֖דֶשׁ</w>
          <w lemma="559">לֵ/אמֹֽר</w><seg type="x-sof-pasuq">׃</seg> 
        </verse>
        <verse osisID="Hag.2.21">
          <w lemma="559">אֱמֹ֕ר</w>
          <w lemma="413">אֶל</w><seg type="x-maqqef">־</seg><w lemma="2216">זְרֻבָּבֶ֥ל</w>
          <w lemma="6346">פַּֽחַת</w><seg type="x-maqqef">־</seg><w lemma="3063">יְהוּדָ֖ה</w>
          <w lemma="559">לֵ/אמֹ֑ר</w>
          <w lemma="589">אֲנִ֣י</w>
          <w lemma="7493">מַרְעִ֔ישׁ</w>
          <w lemma="853">אֶת</w><seg type="x-maqqef">־</seg><w lemma="8064">הַ/שָּׁמַ֖יִם</w>
          <w lemma="853">וְ/אֶת</w><seg type="x-maqqef">־</seg><w lemma="776">הָ/אָֽרֶץ</w><seg type="x-sof-pasuq">׃</seg> 
        </verse>
        <verse osisID="Hag.2.22">
          <w lemma="2015">וְ/הָֽפַכְתִּי֙</w>
          <w lemma="3678">כִּסֵּ֣א</w>
          <w lemma="4467">מַמְלָכ֔וֹת</w>
          <w lemma="8045">וְ/הִ֨שְׁמַדְתִּ֔י</w>
          <w lemma="2392">חֹ֖זֶק</w>
          <w lemma="4467">מַמְלְכ֣וֹת</w>
          <w lemma="1471">הַ/גּוֹיִ֑ם</w>
          <w lemma="2015">וְ/הָפַכְתִּ֤י</w>
          <w lemma="4818">מֶרְכָּבָה֙</w>
          <w lemma="7392">וְ/רֹ֣כְבֶ֔י/הָ</w>
          <w lemma="3381">וְ/יָרְד֤וּ</w>
          <w lemma="5483">סוּסִים֙</w>
          <w lemma="7392">וְ/רֹ֣כְבֵי/הֶ֔ם</w>
          <w lemma="376">אִ֖ישׁ</w>
          <w lemma="2719">בְּ/חֶ֥רֶב</w>
          <w lemma="251">אָחִֽי/ו</w><seg type="x-sof-pasuq">׃</seg> 
        </verse>
        <verse osisID="Hag.2.23">
          <w lemma="3117">בַּ/יּ֣וֹם</w>
          <w lemma="1931">הַ/ה֣וּא</w>
          <w lemma="5002">נְאֻם</w><seg type="x-maqqef">־</seg><w lemma="3068">יְהוָ֣ה</w>
          <w lemma="6635">צְבָא֡וֹת</w>
          <w lemma="3947">אֶ֠קָּחֲ/ךָ</w>
          <w lemma="2216">זְרֻבָּבֶ֨ל</w>
          <w lemma="1121">בֶּן</w><seg type="x-maqqef">־</seg><w lemma="7597">שְׁאַלְתִּיאֵ֤ל</w>
          <w lemma="5650">עַבְדִּ/י֙</w>
          <w lemma="5002">נְאֻם</w><seg type="x-maqqef">־</seg><w lemma="3068">יְהוָ֔ה</w>
          <w lemma="7760">וְ/שַׂמְתִּ֖י/ךָ</w>
          <w lemma="2368">כַּֽ/חוֹתָ֑ם</w>
          <w lemma="3588">כִּֽי</w><seg type="x-maqqef">־</seg><w>בְ/ךָ֣</w>
          <w lemma="977">בָחַ֔רְתִּי</w>
          <w lemma="5002">נְאֻ֖ם</w>
          <w lemma="3068">יְהוָ֥ה</w>
          <w lemma="6635">צְבָאֽוֹת</w><seg type="x-sof-pasuq">׃</seg> 
        </verse>
      </chapter>
    </div>
  </osisText>
</osis>
