<?xml version="1.0" encoding="utf-8"?>
<osis xmlns:xsi="http://www.w3.org/2001/XMLSchema-instance" xsi:schemaLocation="http://www.bibletechnologies.net/2003/OSIS/namespace http://www.bibletechnologies.net/osisCore.2.1.1.xsd" xmlns="http://www.bibletechnologies.net/2003/OSIS/namespace">
  <osisText xml:lang="he" osisIDWork="WLC">
    <header>
      <revisionDesc resp="dt">
        <date>2008.08.08</date>
        <p>Convert the Westminster Leningrad Codex files from TEI markup to OSIS book files.</p>
      </revisionDesc>
      <work osisWork="WLC" xml:lang="he">
        <title>Westminster Leningrad Codex</title>
        <contributor role="edt">Daniel Owens</contributor>
        <contributor role="edt">David Troidl</contributor>
        <contributor role="edt">Christopher V. Kimball</contributor>
        <date>2007.9.16</date>
        <identifier type="URL">http://www.tanach.us/Tanach.xml</identifier>
        <rights>Public Domain</rights>
      </work>
      <work osisWork="BHS" xml:lang="he">
        <title>BHS unaccented with Strongs</title>
        <contributor role="edt">Joseph Planeta</contributor>
        <contributor role="edt">Rev. Graham Nind</contributor>
        <description>Unaccented Biblia Hebraica Stuttgartensia Hebrew with Strong's numbers by Rev. Graham.</description>
        <identifier type="URL">http://www.faithofgod.net/</identifier>
        <identifier type="URL">http://www.grahamnind.dsl.pipex.com/files</identifier>
        <rights>Public Domain</rights>
      </work>
      <work osisWork="Strong" xml:lang="en">
        <title>A Concise Dictionary of the Words in the Hebrew Bible</title>
        <title type="sub">with their Renderings in the King James Version</title>
        <contributor role="edt">David Troidl</contributor>
        <contributor role="edt">David Instone-Brewer</contributor>
        <creator role="edt">James Strong, LL.D., S.T.D.</creator>
        <date>1894</date>
        <description resp="dib">The data came from several PD sources which were full of errors. I cleaned them by comparing them to each other and (where necessary) looking at the original.</description>
        <publisher>Hunt &amp;amp; Eaton</publisher>
        <identifier type="URL">www.2LetterLookup.com</identifier>
        <source>The exhaustive concordance of the Bible:</source>
        <rights>Public Domain</rights>
      </work>
      <workPrefix path="//w/@lemma" osisWork="Strong" />
    </header>
    <div type="book" osisID="Mal">
      <chapter osisID="Mal.1">
        <verse osisID="Mal.1.1">
          <w lemma="4853">מַשָּׂ֥א</w>
          <w lemma="1697">דְבַר</w><seg type="x-maqqef">־</seg><w lemma="3068">יְהוָ֖ה</w>
          <w lemma="413">אֶל</w><seg type="x-maqqef">־</seg><w lemma="3478">יִשְׂרָאֵ֑ל</w>
          <w lemma="3027">בְּ/יַ֖ד</w>
          <w lemma="4401">מַלְאָכִֽי</w><seg type="x-sof-pasuq">׃</seg> 
        </verse>
        <verse osisID="Mal.1.2">
          <w lemma="157">אָהַ֤בְתִּי</w>
          <w lemma="853">אֶתְ/כֶם֙</w>
          <w lemma="559">אָמַ֣ר</w>
          <w lemma="3068">יְהוָ֔ה</w>
          <w lemma="559">וַ/אֲמַרְתֶּ֖ם</w>
          <w lemma="4100">בַּ/מָּ֣ה</w>
          <w lemma="157">אֲהַבְתָּ֑/נוּ</w>
          <w lemma="3808">הֲ/לוֹא</w><seg type="x-maqqef">־</seg><w lemma="251">אָ֨ח</w>
          <w lemma="6215">עֵשָׂ֤ו</w>
          <w lemma="3290">לְ/יַֽעֲקֹב֙</w>
          <w lemma="5002">נְאֻם</w><seg type="x-maqqef">־</seg><w lemma="3068">יְהוָ֔ה</w>
          <w lemma="157">וָ/אֹהַ֖ב</w>
          <w lemma="853">אֶֽת</w><seg type="x-maqqef">־</seg><w lemma="3290">יַעֲקֹֽב</w><seg type="x-sof-pasuq">׃</seg> 
        </verse>
        <verse osisID="Mal.1.3">
          <w lemma="853">וְ/אֶת</w><seg type="x-maqqef">־</seg><w lemma="6215">עֵשָׂ֖ו</w>
          <w lemma="8130">שָׂנֵ֑אתִי</w>
          <w lemma="7760">וָ/אָשִׂ֤ים</w>
          <w lemma="853">אֶת</w><seg type="x-maqqef">־</seg><w lemma="2022">הָרָי/ו֙</w>
          <w lemma="8077">שְׁמָמָ֔ה</w>
          <w lemma="853">וְ/אֶת</w><seg type="x-maqqef">־</seg><w lemma="5159">נַחֲלָת֖/וֹ</w>
          <w lemma="8568">לְ/תַנּ֥וֹת</w>
          <w lemma="4057">מִדְבָּֽר</w><seg type="x-sof-pasuq">׃</seg> 
        </verse>
        <verse osisID="Mal.1.4">
          <w lemma="3588">כִּֽי</w><seg type="x-maqqef">־</seg><w lemma="559">תֹאמַ֨ר</w>
          <w lemma="123">אֱד֜וֹם</w>
          <w lemma="7567">רֻשַּׁ֗שְׁנוּ</w>
          <w lemma="7725">וְ/נָשׁוּב֙</w>
          <w lemma="1129">וְ/נִבְנֶ֣ה</w>
          <w lemma="2723">חֳרָב֔וֹת</w>
          <w lemma="3541">כֹּ֤ה</w>
          <w lemma="559">אָמַר֙</w>
          <w lemma="3068">יְהוָ֣ה</w>
          <w lemma="6635">צְבָא֔וֹת</w>
          <w lemma="1992">הֵ֥מָּה</w>
          <w lemma="1129">יִבְנ֖וּ</w>
          <w lemma="589">וַ/אֲנִ֣י</w>
          <w lemma="2040">אֶהֱר֑וֹס</w>
          <w lemma="7121">וְ/קָרְא֤וּ</w>
          <w>לָ/הֶם֙</w>
          <w lemma="1366">גְּב֣וּל</w>
          <w lemma="7564">רִשְׁעָ֔ה</w>
          <w lemma="5971">וְ/הָ/עָ֛ם</w>
          <w lemma="834">אֲשֶׁר</w><seg type="x-maqqef">־</seg><w lemma="2194">זָעַ֥ם</w>
          <w lemma="3068">יְהוָ֖ה</w>
          <w lemma="5704">עַד</w><seg type="x-maqqef">־</seg><w lemma="5769">עוֹלָֽם</w><seg type="x-sof-pasuq">׃</seg> 
        </verse>
        <verse osisID="Mal.1.5">
          <w lemma="5869">וְ/עֵינֵי/כֶ֖ם</w>
          <w lemma="7200">תִּרְאֶ֑ינָה</w>
          <w lemma="859">וְ/אַתֶּ֤ם</w>
          <w lemma="559">תֹּֽאמְרוּ֙</w>
          <w lemma="1431">יִגְדַּ֣ל</w>
          <w lemma="3068">יְהוָ֔ה</w>
          <w lemma="5921">מֵ/עַ֖ל</w>
          <w lemma="1366">לִ/גְב֥וּל</w>
          <w lemma="3478">יִשְׂרָאֵֽל</w><seg type="x-sof-pasuq">׃</seg> 
        </verse>
        <verse osisID="Mal.1.6">
          <w lemma="1121">בֵּ֛ן</w>
          <w lemma="3513">יְכַבֵּ֥ד</w>
          <w lemma="1">אָ֖ב</w>
          <w lemma="5650">וְ/עֶ֣בֶד</w>
          <w lemma="113">אֲדֹנָ֑י/ו</w>
          <w lemma="518">וְ/אִם</w><seg type="x-maqqef">־</seg><w lemma="1">אָ֣ב</w>
          <w lemma="589">אָ֣נִי</w>
          <w lemma="346">אַיֵּ֣ה</w>
          <w lemma="3519">כְבוֹדִ֡/י</w>
          <w lemma="518">וְ/אִם</w><seg type="x-maqqef">־</seg><w lemma="113">אֲדוֹנִ֣ים</w>
          <w lemma="589">אָנִי֩</w>
          <w lemma="346">אַיֵּ֨ה</w>
          <w lemma="4172">מוֹרָאִ֜/י</w>
          <w lemma="559">אָמַ֣ר</w>
          <seg type="x-paseq">׀</seg> 
          <w lemma="3068">יְהוָ֣ה</w>
          <w lemma="6635">צְבָא֗וֹת</w>
          <w>לָ/כֶם֙</w>
          <w lemma="3548">הַ/כֹּֽהֲנִים֙</w>
          <w lemma="959">בּוֹזֵ֣י</w>
          <w lemma="8034">שְׁמִ֔/י</w>
          <w lemma="559">וַ/אֲמַרְתֶּ֕ם</w>
          <w lemma="4100">בַּ/מֶּ֥ה</w>
          <w lemma="959">בָזִ֖ינוּ</w>
          <w lemma="853">אֶת</w><seg type="x-maqqef">־</seg><w lemma="8034">שְׁמֶֽ/ךָ</w><seg type="x-sof-pasuq">׃</seg> 
        </verse>
        <verse osisID="Mal.1.7">
          <w lemma="5066">מַגִּישִׁ֤ים</w>
          <w lemma="5921">עַֽל</w><seg type="x-maqqef">־</seg><w lemma="4196">מִזְבְּחִ/י֙</w>
          <w lemma="3899">לֶ֣חֶם</w>
          <w lemma="1351">מְגֹאָ֔ל</w>
          <w lemma="559">וַ/אֲמַרְתֶּ֖ם</w>
          <w lemma="4100">בַּ/מֶּ֣ה</w>
          <w lemma="1351">גֵֽאַלְנ֑וּ/ךָ</w>
          <w lemma="559">בֶּ/אֱמָרְ/כֶ֕ם</w>
          <w lemma="7979">שֻׁלְחַ֥ן</w>
          <w lemma="3068">יְהוָ֖ה</w>
          <w lemma="959">נִבְזֶ֥ה</w>
          <w lemma="1931">הֽוּא</w><seg type="x-sof-pasuq">׃</seg> 
        </verse>
        <verse osisID="Mal.1.8">
          <w lemma="3588">וְ/כִֽי</w><seg type="x-maqqef">־</seg><w lemma="5066">תַגִּשׁ֨וּ/ן</w>
          <w lemma="5787">עִוֵּ֤ר</w>
          <w lemma="2076">לִ/זְבֹּ֙חַ֙</w>
          <w lemma="369">אֵ֣ין</w>
          <w lemma="7451">רָ֔ע</w>
          <w lemma="3588">וְ/כִ֥י</w>
          <w lemma="5066">תַגִּ֛ישׁוּ</w>
          <w lemma="6455">פִּסֵּ֥חַ</w>
          <w lemma="2470">וְ/חֹלֶ֖ה</w>
          <w lemma="369">אֵ֣ין</w>
          <w lemma="7451">רָ֑ע</w>
          <w lemma="7126">הַקְרִיבֵ֨/הוּ</w>
          <w lemma="4994">נָ֜א</w>
          <w lemma="6346">לְ/פֶחָתֶ֗/ךָ</w>
          <w lemma="7521">הֲ/יִרְצְ/ךָ֙</w>
          <w lemma="176">א֚וֹ</w>
          <w lemma="5375">הֲ/יִשָּׂ֣א</w>
          <w lemma="6440">פָנֶ֔י/ךָ</w>
          <w lemma="559">אָמַ֖ר</w>
          <w lemma="3068">יְהוָ֥ה</w>
          <w lemma="6635">צְבָאֽוֹת</w><seg type="x-sof-pasuq">׃</seg> 
        </verse>
        <verse osisID="Mal.1.9">
          <w lemma="6258">וְ/עַתָּ֛ה</w>
          <w lemma="2470">חַלּוּ</w><seg type="x-maqqef">־</seg><w lemma="4994">נָ֥א</w>
          <w lemma="6440">פְנֵי</w><seg type="x-maqqef">־</seg><w lemma="410">אֵ֖ל</w>
          <w lemma="2603">וִֽ/יחָנֵ֑/נוּ</w>
          <w lemma="3027">מִ/יֶּדְ/כֶם֙</w>
          <w lemma="1961">הָ֣יְתָה</w>
          <w lemma="2063">זֹּ֔את</w>
          <w lemma="5375">הֲ/יִשָּׂ֤א</w>
          <w lemma="4480">מִ/כֶּם֙</w>
          <w lemma="6440">פָּנִ֔ים</w>
          <w lemma="559">אָמַ֖ר</w>
          <w lemma="3068">יְהוָ֥ה</w>
          <w lemma="6635">צְבָאֽוֹת</w><seg type="x-sof-pasuq">׃</seg> 
        </verse>
        <verse osisID="Mal.1.10">
          <w lemma="4310">מִ֤י</w>
          <w lemma="1571">גַם</w><seg type="x-maqqef">־</seg><w>בָּ/כֶם֙</w>
          <w lemma="5462">וְ/יִסְגֹּ֣ר</w>
          <w lemma="1817">דְּלָתַ֔יִם</w>
          <w lemma="3808">וְ/לֹֽא</w><seg type="x-maqqef">־</seg><w lemma="215">תָאִ֥ירוּ</w>
          <w lemma="4196">מִזְבְּחִ֖/י</w>
          <w lemma="2600">חִנָּ֑ם</w>
          <w lemma="369">אֵֽין</w><seg type="x-maqqef">־</seg><w>לִ֨/י</w>
          <w lemma="2656">חֵ֜פֶץ</w>
          <w>בָּ/כֶ֗ם</w>
          <w lemma="559">אָמַר֙</w>
          <w lemma="3068">יְהוָ֣ה</w>
          <w lemma="6635">צְבָא֔וֹת</w>
          <w lemma="4503">וּ/מִנְחָ֖ה</w>
          <w lemma="3808">לֹֽא</w><seg type="x-maqqef">־</seg><w lemma="7521">אֶרְצֶ֥ה</w>
          <w lemma="3027">מִ/יֶּדְ/כֶֽם</w><seg type="x-sof-pasuq">׃</seg> 
        </verse>
        <verse osisID="Mal.1.11">
          <w lemma="3588">כִּ֣י</w>
          <w lemma="4217">מִ/מִּזְרַח</w><seg type="x-maqqef">־</seg><w lemma="8121">שֶׁ֜מֶשׁ</w>
          <w lemma="5704">וְ/עַד</w><seg type="x-maqqef">־</seg><w lemma="3996">מְבוֹא֗/וֹ</w>
          <w lemma="1419">גָּד֤וֹל</w>
          <w lemma="8034">שְׁמִ/י֙</w>
          <w lemma="1471">בַּ/גּוֹיִ֔ם</w>
          <w lemma="3605">וּ/בְ/כָל</w><seg type="x-maqqef">־</seg><w lemma="4725">מָק֗וֹם</w>
          <w lemma="6999">מֻקְטָ֥ר</w>
          <w lemma="5066">מֻגָּ֛שׁ</w>
          <w lemma="8034">לִ/שְׁמִ֖/י</w>
          <w lemma="4503">וּ/מִנְחָ֣ה</w>
          <w lemma="2889">טְהוֹרָ֑ה</w>
          <w lemma="3588">כִּֽי</w><seg type="x-maqqef">־</seg><w lemma="1419">גָד֤וֹל</w>
          <w lemma="8034">שְׁמִ/י֙</w>
          <w lemma="1471">בַּ/גּוֹיִ֔ם</w>
          <w lemma="559">אָמַ֖ר</w>
          <w lemma="3068">יְהוָ֥ה</w>
          <w lemma="6635">צְבָאֽוֹת</w><seg type="x-sof-pasuq">׃</seg> 
        </verse>
        <verse osisID="Mal.1.12">
          <w lemma="859">וְ/אַתֶּ֖ם</w>
          <w lemma="2490">מְחַלְּלִ֣ים</w>
          <w lemma="853">אוֹת֑/וֹ</w>
          <w lemma="559">בֶּ/אֱמָרְ/כֶ֗ם</w>
          <w lemma="7979">שֻׁלְחַ֤ן</w>
          <w lemma="136">אֲדֹנָ/י֙</w>
          <w lemma="1351">מְגֹאָ֣ל</w>
          <w lemma="1931">ה֔וּא</w>
          <w lemma="5108">וְ/נִיב֖/וֹ</w>
          <w lemma="959">נִבְזֶ֥ה</w>
          <w lemma="400">אָכְלֽ/וֹ</w><seg type="x-sof-pasuq">׃</seg> 
        </verse>
        <verse osisID="Mal.1.13">
          <w lemma="559">וַ/אֲמַרְתֶּם֩</w>
          <w lemma="2009">הִנֵּ֨ה</w>
          <w lemma="4972">מַ/תְּלָאָ֜ה</w>
          <w lemma="5301">וְ/הִפַּחְתֶּ֣ם</w>
          <w lemma="853">אוֹת֗/וֹ</w>
          <w lemma="559">אָמַר֙</w>
          <w lemma="3068">יְהוָ֣ה</w>
          <w lemma="6635">צְבָא֔וֹת</w>
          <w lemma="935">וַ/הֲבֵאתֶ֣ם</w>
          <w lemma="1497">גָּז֗וּל</w>
          <w lemma="853">וְ/אֶת</w><seg type="x-maqqef">־</seg><w lemma="6455">הַ/פִּסֵּ֙חַ֙</w>
          <w lemma="853">וְ/אֶת</w><seg type="x-maqqef">־</seg><w lemma="2470">הַ֣/חוֹלֶ֔ה</w>
          <w lemma="935">וַ/הֲבֵאתֶ֖ם</w>
          <w lemma="853">אֶת</w><seg type="x-maqqef">־</seg><w lemma="4503">הַ/מִּנְחָ֑ה</w>
          <w lemma="7521">הַ/אֶרְצֶ֥ה</w>
          <w lemma="853">אוֹתָ֛/הּ</w>
          <w lemma="3027">מִ/יֶּדְ/כֶ֖ם</w>
          <w lemma="559">אָמַ֥ר</w>
          <w lemma="3068">יְהוָֽה</w><seg type="x-sof-pasuq">׃</seg> 
          <seg type="x-samekh">ס</seg> 
        </verse>
        <verse osisID="Mal.1.14">
          <w lemma="779">וְ/אָר֣וּר</w>
          <w lemma="5230">נוֹכֵ֗ל</w>
          <w lemma="3426">וְ/יֵ֤שׁ</w>
          <w lemma="5739">בְּ/עֶדְר/וֹ֙</w>
          <w lemma="2145">זָכָ֔ר</w>
          <w lemma="5087">וְ/נֹדֵ֛ר</w>
          <w lemma="2076">וְ/זֹבֵ֥חַ</w>
          <w lemma="7843">מָשְׁחָ֖ת</w>
          <w lemma="136">לַֽ/אדֹנָ֑/י</w>
          <w lemma="3588">כִּי֩</w>
          <w lemma="4428">מֶ֨לֶךְ</w>
          <w lemma="1419">גָּד֜וֹל</w>
          <w lemma="589">אָ֗נִי</w>
          <w lemma="559">אָמַר֙</w>
          <w lemma="3068">יְהוָ֣ה</w>
          <w lemma="6635">צְבָא֔וֹת</w>
          <w lemma="8034">וּ/שְׁמִ֖/י</w>
          <w lemma="3372">נוֹרָ֥א</w>
          <w lemma="1471">בַ/גּוֹיִֽם</w><seg type="x-sof-pasuq">׃</seg> 
        </verse>
      </chapter>
      <chapter osisID="Mal.2">
        <verse osisID="Mal.2.1">
          <w lemma="6258">וְ/עַתָּ֗ה</w>
          <w lemma="413">אֲלֵי/כֶ֛ם</w>
          <w lemma="4687">הַ/מִּצְוָ֥ה</w>
          <w lemma="2063">הַ/זֹּ֖את</w>
          <w lemma="3548">הַ/כֹּהֲנִֽים</w><seg type="x-sof-pasuq">׃</seg> 
        </verse>
        <verse osisID="Mal.2.2">
          <w lemma="518">אִם</w><seg type="x-maqqef">־</seg><w lemma="3808">לֹ֣א</w>
          <w lemma="8085">תִשְׁמְע֡וּ</w>
          <w lemma="518">וְ/אִם</w><seg type="x-maqqef">־</seg><w lemma="3808">לֹא֩</w>
          <w lemma="7760">תָשִׂ֨ימוּ</w>
          <w lemma="5921">עַל</w><seg type="x-maqqef">־</seg><w lemma="3820">לֵ֜ב</w>
          <w lemma="5414">לָ/תֵ֧ת</w>
          <w lemma="3519">כָּב֣וֹד</w>
          <w lemma="8034">לִ/שְׁמִ֗/י</w>
          <w lemma="559">אָמַר֙</w>
          <w lemma="3068">יְהוָ֣ה</w>
          <w lemma="6635">צְבָא֔וֹת</w>
          <w lemma="7971">וְ/שִׁלַּחְתִּ֤י</w>
          <w>בָ/כֶם֙</w>
          <w lemma="853">אֶת</w><seg type="x-maqqef">־</seg><w lemma="3994">הַ/מְּאֵרָ֔ה</w>
          <w lemma="779">וְ/אָרוֹתִ֖י</w>
          <w lemma="853">אֶת</w><seg type="x-maqqef">־</seg><w lemma="1293">בִּרְכֽוֹתֵי/כֶ֑ם</w>
          <w lemma="1571">וְ/גַם֙</w>
          <w lemma="779">אָרוֹתִ֔י/הָ</w>
          <w lemma="3588">כִּ֥י</w>
          <w lemma="369">אֵינְ/כֶ֖ם</w>
          <w lemma="7760">שָׂמִ֥ים</w>
          <w lemma="5921">עַל</w><seg type="x-maqqef">־</seg><w lemma="3820">לֵֽב</w><seg type="x-sof-pasuq">׃</seg> 
        </verse>
        <verse osisID="Mal.2.3">
          <w lemma="2005">הִנְ/נִ֨י</w>
          <w lemma="1605">גֹעֵ֤ר</w>
          <w>לָ/כֶם֙</w>
          <w lemma="853">אֶת</w><seg type="x-maqqef">־</seg><w lemma="2233">הַ/זֶּ֔רַע</w>
          <w lemma="2219">וְ/זֵרִ֤יתִי</w>
          <w lemma="6569">פֶ֙רֶשׁ֙</w>
          <w lemma="5921">עַל</w><seg type="x-maqqef">־</seg><w lemma="6440">פְּנֵי/כֶ֔ם</w>
          <w lemma="6569">פֶּ֖רֶשׁ</w>
          <w lemma="2282">חַגֵּי/כֶ֑ם</w>
          <w lemma="5375">וְ/נָשָׂ֥א</w>
          <w lemma="853">אֶתְ/כֶ֖ם</w>
          <w lemma="413">אֵלָֽי/ו</w><seg type="x-sof-pasuq">׃</seg> 
        </verse>
        <verse osisID="Mal.2.4">
          <w lemma="3045">וִֽ/ידַעְתֶּ֕ם</w>
          <w lemma="3588">כִּ֚י</w>
          <w lemma="7971">שִׁלַּ֣חְתִּי</w>
          <w lemma="413">אֲלֵי/כֶ֔ם</w>
          <w lemma="853">אֵ֖ת</w>
          <w lemma="4687">הַ/מִּצְוָ֣ה</w>
          <w lemma="2063">הַ/זֹּ֑את</w>
          <w lemma="1961">לִֽ/הְי֤וֹת</w>
          <w lemma="1285">בְּרִיתִ/י֙</w>
          <w lemma="854">אֶת</w><seg type="x-maqqef">־</seg><w lemma="3878">לֵוִ֔י</w>
          <w lemma="559">אָמַ֖ר</w>
          <w lemma="3068">יְהוָ֥ה</w>
          <w lemma="6635">צְבָאֽוֹת</w><seg type="x-sof-pasuq">׃</seg> 
        </verse>
        <verse osisID="Mal.2.5">
          <w lemma="1285">בְּרִיתִ֣/י</w>
          <seg type="x-paseq">׀</seg> 
          <w lemma="1961">הָיְתָ֣ה</w>
          <w lemma="854">אִתּ֗/וֹ</w>
          <w lemma="2416">הַֽ/חַיִּים֙</w>
          <w lemma="7965">וְ/הַ֨/שָּׁל֔וֹם</w>
          <w lemma="5414">וָ/אֶתְּנֵֽ/ם</w><seg type="x-maqqef">־</seg><w>ל֥/וֹ</w>
          <w lemma="4172">מוֹרָ֖א</w>
          <w lemma="3372">וַ/יִּֽירָאֵ֑/נִי</w>
          <w lemma="6440">וּ/מִ/פְּנֵ֥י</w>
          <w lemma="8034">שְׁמִ֖/י</w>
          <w lemma="2865">נִחַ֥ת</w>
          <w lemma="1931">הֽוּא</w><seg type="x-sof-pasuq">׃</seg> 
        </verse>
        <verse osisID="Mal.2.6">
          <w lemma="8451">תּוֹרַ֤ת</w>
          <w lemma="571">אֱמֶת֙</w>
          <w lemma="1961">הָיְתָ֣ה</w>
          <w lemma="6310">בְּ/פִ֔י/הוּ</w>
          <w lemma="5766">וְ/עַוְלָ֖ה</w>
          <w lemma="3808">לֹא</w><seg type="x-maqqef">־</seg><w lemma="4672">נִמְצָ֣א</w>
          <w lemma="8193">בִ/שְׂפָתָ֑י/ו</w>
          <w lemma="7965">בְּ/שָׁל֤וֹם</w>
          <w lemma="4334">וּ/בְ/מִישׁוֹר֙</w>
          <w lemma="1980">הָלַ֣ךְ</w>
          <w lemma="854">אִתִּ֔/י</w>
          <w lemma="7227">וְ/רַבִּ֖ים</w>
          <w lemma="7725">הֵשִׁ֥יב</w>
          <w lemma="5771">מֵ/עָוֺֽן</w><seg type="x-sof-pasuq">׃</seg> 
        </verse>
        <verse osisID="Mal.2.7">
          <w lemma="3588">כִּֽי</w><seg type="x-maqqef">־</seg><w lemma="8193">שִׂפְתֵ֤י</w>
          <w lemma="3548">כֹהֵן֙</w>
          <w lemma="8104">יִשְׁמְרוּ</w><seg type="x-maqqef">־</seg><w lemma="1847">דַ֔עַת</w>
          <w lemma="8451">וְ/תוֹרָ֖ה</w>
          <w lemma="1245">יְבַקְשׁ֣וּ</w>
          <w lemma="6310">מִ/פִּ֑י/הוּ</w>
          <w lemma="3588">כִּ֛י</w>
          <w lemma="4397">מַלְאַ֥ךְ</w>
          <w lemma="3068">יְהוָֽה</w><seg type="x-maqqef">־</seg><w lemma="6635">צְבָא֖וֹת</w>
          <w lemma="1931">הֽוּא</w><seg type="x-sof-pasuq">׃</seg> 
        </verse>
        <verse osisID="Mal.2.8">
          <w lemma="859">וְ/אַתֶּם֙</w>
          <w lemma="5493">סַרְתֶּ֣ם</w>
          <w lemma="4480">מִן</w><seg type="x-maqqef">־</seg><w lemma="1870">הַ/דֶּ֔רֶךְ</w>
          <w lemma="3782">הִכְשַׁלְתֶּ֥ם</w>
          <w lemma="7227">רַבִּ֖ים</w>
          <w lemma="8451">בַּ/תּוֹרָ֑ה</w>
          <w lemma="7843">שִֽׁחַתֶּם֙</w>
          <w lemma="1285">בְּרִ֣ית</w>
          <w lemma="3878">הַ/לֵּוִ֔י</w>
          <w lemma="559">אָמַ֖ר</w>
          <w lemma="3068">יְהוָ֥ה</w>
          <w lemma="6635">צְבָאֽוֹת</w><seg type="x-sof-pasuq">׃</seg> 
        </verse>
        <verse osisID="Mal.2.9">
          <w lemma="1571">וְ/גַם</w><seg type="x-maqqef">־</seg><w lemma="589">אֲנִ֞י</w>
          <w lemma="5414">נָתַ֧תִּי</w>
          <w lemma="853">אֶתְ/כֶ֛ם</w>
          <w lemma="959">נִבְזִ֥ים</w>
          <w lemma="8217">וּ/שְׁפָלִ֖ים</w>
          <w lemma="3605">לְ/כָל</w><seg type="x-maqqef">־</seg><w lemma="5971">הָ/עָ֑ם</w>
          <w lemma="6310">כְּ/פִ֗י</w>
          <w lemma="834">אֲשֶׁ֤ר</w>
          <w lemma="369">אֵֽינְ/כֶם֙</w>
          <w lemma="8104">שֹׁמְרִ֣ים</w>
          <w lemma="854">אֶת</w><seg type="x-maqqef">־</seg><w lemma="1870">דְּרָכַ֔/י</w>
          <w lemma="5375">וְ/נֹשְׂאִ֥ים</w>
          <w lemma="6440">פָּנִ֖ים</w>
          <w lemma="8451">בַּ/תּוֹרָֽה</w><seg type="x-sof-pasuq">׃</seg> 
          <seg type="x-pe">פ</seg>
        </verse>
        <verse osisID="Mal.2.10">
          <w lemma="3808">הֲ/ל֨וֹא</w>
          <w lemma="1">אָ֤ב</w>
          <w lemma="259">אֶחָד֙</w>
          <w lemma="3605">לְ/כֻלָּ֔/נוּ</w>
          <w lemma="3808">הֲ/ל֛וֹא</w>
          <w lemma="410">אֵ֥ל</w>
          <w lemma="259">אֶֽחָ֖ד</w>
          <w lemma="1254">בְּרָאָ֑/נוּ</w>
          <w lemma="4069">מַדּ֗וּעַ</w>
          <w lemma="898">נִבְגַּד֙</w>
          <w lemma="376">אִ֣ישׁ</w>
          <w lemma="251">בְּ/אָחִ֔י/ו</w>
          <w lemma="2490">לְ/חַלֵּ֖ל</w>
          <w lemma="1285">בְּרִ֥ית</w>
          <w lemma="1">אֲבֹתֵֽי/נוּ</w><seg type="x-sof-pasuq">׃</seg> 
        </verse>
        <verse osisID="Mal.2.11">
          <w lemma="898">בָּגְדָ֣ה</w>
          <w lemma="3063">יְהוּדָ֔ה</w>
          <w lemma="8441">וְ/תוֹעֵבָ֛ה</w>
          <w lemma="6213">נֶעֶשְׂתָ֥ה</w>
          <w lemma="3478">בְ/יִשְׂרָאֵ֖ל</w>
          <w lemma="3389">וּ/בִ/ירֽוּשָׁלִָ֑ם</w>
          <w lemma="3588">כִּ֣י</w>
          <seg type="x-paseq">׀</seg> 
          <w lemma="2490">חִלֵּ֣ל</w>
          <w lemma="3063">יְהוּדָ֗ה</w>
          <w lemma="6944">קֹ֤דֶשׁ</w>
          <w lemma="3068">יְהוָה֙</w>
          <w lemma="834">אֲשֶׁ֣ר</w>
          <w lemma="157">אָהֵ֔ב</w>
          <w lemma="1166">וּ/בָעַ֖ל</w>
          <w lemma="1323">בַּת</w><seg type="x-maqqef">־</seg><w lemma="410">אֵ֥ל</w>
          <w lemma="5236">נֵכָֽר</w><seg type="x-sof-pasuq">׃</seg> 
        </verse>
        <verse osisID="Mal.2.12">
          <w lemma="3772">יַכְרֵ֨ת</w>
          <w lemma="3068">יְהוָ֜ה</w>
          <w lemma="376">לָ/אִ֨ישׁ</w>
          <w lemma="834">אֲשֶׁ֤ר</w>
          <w lemma="6213">יַעֲשֶׂ֙/נָּה֙</w>
          <w lemma="5782">עֵ֣ר</w>
          <w lemma="6030">וְ/עֹנֶ֔ה</w>
          <w lemma="168">מֵ/אָהֳלֵ֖י</w>
          <w lemma="3290">יַֽעֲקֹ֑ב</w>
          <w lemma="5066">וּ/מַגִּ֣ישׁ</w>
          <w lemma="4503">מִנְחָ֔ה</w>
          <w lemma="3068">לַֽ/יהוָ֖ה</w>
          <w lemma="6635">צְבָאֽוֹת</w><seg type="x-sof-pasuq">׃</seg> 
          <seg type="x-pe">פ</seg>
        </verse>
        <verse osisID="Mal.2.13">
          <w lemma="2063">וְ/זֹאת֙</w>
          <w lemma="8145">שֵׁנִ֣ית</w>
          <w lemma="6213">תַּֽעֲשׂ֔וּ</w>
          <w lemma="3680">כַּסּ֤וֹת</w>
          <w lemma="1832">דִּמְעָה֙</w>
          <w lemma="853">אֶת</w><seg type="x-maqqef">־</seg><w lemma="4196">מִזְבַּ֣ח</w>
          <w lemma="3068">יְהוָ֔ה</w>
          <w lemma="1065">בְּכִ֖י</w>
          <w lemma="603">וַֽ/אֲנָקָ֑ה</w>
          <w lemma="369">מֵ/אֵ֣ין</w>
          <w lemma="5750">ע֗וֹד</w>
          <w lemma="6437">פְּנוֹת֙</w>
          <w lemma="413">אֶל</w><seg type="x-maqqef">־</seg><w lemma="4503">הַ/מִּנְחָ֔ה</w>
          <w lemma="3947">וְ/לָ/קַ֥חַת</w>
          <w lemma="7522">רָצ֖וֹן</w>
          <w lemma="3027">מִ/יֶּדְ/כֶֽם</w><seg type="x-sof-pasuq">׃</seg> 
        </verse>
        <verse osisID="Mal.2.14">
          <w lemma="559">וַ/אֲמַרְתֶּ֖ם</w>
          <w lemma="5921">עַל</w><seg type="x-maqqef">־</seg><w lemma="4100">מָ֑ה</w>
          <w lemma="5921">עַ֡ל</w>
          <w lemma="3588">כִּי</w><seg type="x-maqqef">־</seg><w lemma="3068">יְהוָה֩</w>
          <w lemma="5749">הֵעִ֨יד</w>
          <w lemma="996">בֵּינְ/ךָ֜</w>
          <w lemma="996">וּ/בֵ֣ין</w>
          <seg type="x-paseq">׀</seg> 
          <w lemma="802">אֵ֣שֶׁת</w>
          <w lemma="5271">נְעוּרֶ֗י/ךָ</w>
          <w lemma="834">אֲשֶׁ֤ר</w>
          <w lemma="859">אַתָּה֙</w>
          <w lemma="898">בָּגַ֣דְתָּה</w>
          <w>בָּ֔/הּ</w>
          <w lemma="1931">וְ/הִ֥יא</w>
          <w lemma="2278">חֲבֶרְתְּ/ךָ֖</w>
          <w lemma="802">וְ/אֵ֥שֶׁת</w>
          <w lemma="1285">בְּרִיתֶֽ/ךָ</w><seg type="x-sof-pasuq">׃</seg> 
        </verse>
        <verse osisID="Mal.2.15">
          <w lemma="3808">וְ/לֹא</w><seg type="x-maqqef">־</seg><w lemma="259">אֶחָ֣ד</w>
          <w lemma="6213">עָשָׂ֗ה</w>
          <w lemma="7605">וּ/שְׁאָ֥ר</w>
          <w lemma="7307">ר֙וּחַ֙</w>
          <w>ל֔/וֹ</w>
          <w lemma="4100">וּ/מָה֙</w>
          <w lemma="259">הָֽ/אֶחָ֔ד</w>
          <w lemma="1245">מְבַקֵּ֖שׁ</w>
          <w lemma="2233">זֶ֣רַע</w>
          <w lemma="430">אֱלֹהִ֑ים</w>
          <w lemma="8104">וְ/נִשְׁמַרְתֶּם֙</w>
          <w lemma="7307">בְּ/ר֣וּחֲ/כֶ֔ם</w>
          <w lemma="802">וּ/בְ/אֵ֥שֶׁת</w>
          <w lemma="5271">נְעוּרֶ֖י/ךָ</w>
          <w lemma="408">אַל</w><seg type="x-maqqef">־</seg><w lemma="898">יִבְגֹּֽד</w><seg type="x-sof-pasuq">׃</seg> 
        </verse>
        <verse osisID="Mal.2.16">
          <w lemma="3588">כִּֽי</w><seg type="x-maqqef">־</seg><w lemma="8130">שָׂנֵ֣א</w>
          <w lemma="7971">שַׁלַּ֗ח</w>
          <w lemma="559">אָמַ֤ר</w>
          <w lemma="3068">יְהוָה֙</w>
          <w lemma="430">אֱלֹהֵ֣י</w>
          <w lemma="3478">יִשְׂרָאֵ֔ל</w>
          <w lemma="3680">וְ/כִסָּ֤ה</w>
          <w lemma="2555">חָמָס֙</w>
          <w lemma="5921">עַל</w><seg type="x-maqqef">־</seg><w lemma="3830">לְבוּשׁ֔/וֹ</w>
          <w lemma="559">אָמַ֖ר</w>
          <w lemma="3068">יְהוָ֣ה</w>
          <w lemma="6635">צְבָא֑וֹת</w>
          <w lemma="8104">וְ/נִשְׁמַרְתֶּ֥ם</w>
          <w lemma="7307">בְּ/רוּחֲ/כֶ֖ם</w>
          <w lemma="3808">וְ/לֹ֥א</w>
          <w lemma="898">תִבְגֹּֽדוּ</w><seg type="x-sof-pasuq">׃</seg> 
          <seg type="x-samekh">ס</seg> 
        </verse>
        <verse osisID="Mal.2.17">
          <w lemma="3021">הוֹגַעְתֶּ֤ם</w>
          <w lemma="3068">יְהוָה֙</w>
          <w lemma="1697">בְּ/דִבְרֵי/כֶ֔ם</w>
          <w lemma="559">וַ/אֲמַרְתֶּ֖ם</w>
          <w lemma="4100">בַּ/מָּ֣ה</w>
          <w lemma="3021">הוֹגָ֑עְנוּ</w>
          <w lemma="559">בֶּ/אֱמָרְ/כֶ֗ם</w>
          <w lemma="3605">כָּל</w><seg type="x-maqqef">־</seg><w lemma="6213">עֹ֨שֵׂה</w>
          <w lemma="7451">רָ֜ע</w>
          <w lemma="2896">ט֣וֹב</w>
          <seg type="x-paseq">׀</seg> 
          <w lemma="5869">בְּ/עֵינֵ֣י</w>
          <w lemma="3068">יְהוָ֗ה</w>
          <w>וּ/בָ/הֶם֙</w>
          <w lemma="1931">ה֣וּא</w>
          <w lemma="2654">חָפֵ֔ץ</w>
          <w lemma="176">א֥וֹ</w>
          <w lemma="346">אַיֵּ֖ה</w>
          <w lemma="430">אֱלֹהֵ֥י</w>
          <w lemma="4941">הַ/מִּשְׁפָּֽט</w><seg type="x-sof-pasuq">׃</seg> 
        </verse>
      </chapter>
      <chapter osisID="Mal.3">
        <verse osisID="Mal.3.1">
          <w lemma="2005">הִנְ/נִ֤י</w>
          <w lemma="7971">שֹׁלֵחַ֙</w>
          <w lemma="4397">מַלְאָכִ֔/י</w>
          <w lemma="6437">וּ/פִנָּה</w><seg type="x-maqqef">־</seg><w lemma="1870">דֶ֖רֶךְ</w>
          <w lemma="6440">לְ/פָנָ֑/י</w>
          <w lemma="6597">וּ/פִתְאֹם֩</w>
          <w lemma="935">יָב֨וֹא</w>
          <w lemma="413">אֶל</w><seg type="x-maqqef">־</seg><w lemma="1964">הֵיכָל֜/וֹ</w>
          <w lemma="113">הָ/אָד֣וֹן</w>
          <seg type="x-paseq">׀</seg> 
          <w lemma="834">אֲשֶׁר</w><seg type="x-maqqef">־</seg><w lemma="859">אַתֶּ֣ם</w>
          <w lemma="1245">מְבַקְשִׁ֗ים</w>
          <w lemma="4397">וּ/מַלְאַ֨ךְ</w>
          <w lemma="1285">הַ/בְּרִ֜ית</w>
          <w lemma="834">אֲשֶׁר</w><seg type="x-maqqef">־</seg><w lemma="859">אַתֶּ֤ם</w>
          <w lemma="2655">חֲפֵצִים֙</w>
          <w lemma="2009">הִנֵּה</w><seg type="x-maqqef">־</seg><w lemma="935">בָ֔א</w>
          <w lemma="559">אָמַ֖ר</w>
          <w lemma="3068">יְהוָ֥ה</w>
          <w lemma="6635">צְבָאֽוֹת</w><seg type="x-sof-pasuq">׃</seg> 
        </verse>
        <verse osisID="Mal.3.2">
          <w lemma="4310">וּ/מִ֤י</w>
          <w lemma="3557">מְכַלְכֵּל֙</w>
          <w lemma="853">אֶת</w><seg type="x-maqqef">־</seg><w lemma="3117">י֣וֹם</w>
          <w lemma="935">בּוֹא֔/וֹ</w>
          <w lemma="4310">וּ/מִ֥י</w>
          <w lemma="5975">הָ/עֹמֵ֖ד</w>
          <w lemma="7200">בְּ/הֵרָֽאוֹת֑/וֹ</w>
          <w lemma="3588">כִּֽי</w><seg type="x-maqqef">־</seg><w lemma="1931">הוּא֙</w>
          <w lemma="784">כְּ/אֵ֣שׁ</w>
          <w lemma="6884">מְצָרֵ֔ף</w>
          <w lemma="1287">וּ/כְ/בֹרִ֖ית</w>
          <w lemma="3526">מְכַבְּסִֽים</w><seg type="x-sof-pasuq">׃</seg> 
        </verse>
        <verse osisID="Mal.3.3">
          <w lemma="3427">וְ/יָשַׁ֨ב</w>
          <w lemma="6884">מְצָרֵ֤ף</w>
          <w lemma="2891">וּ/מְטַהֵר֙</w>
          <w lemma="3701">כֶּ֔סֶף</w>
          <w lemma="2891">וְ/טִהַ֤ר</w>
          <w lemma="853">אֶת</w><seg type="x-maqqef">־</seg><w lemma="1121">בְּנֵֽי</w><seg type="x-maqqef">־</seg><w lemma="3878">לֵוִי֙</w>
          <w lemma="2212">וְ/זִקַּ֣ק</w>
          <w lemma="853">אֹתָ֔/ם</w>
          <w lemma="2091">כַּ/זָּהָ֖ב</w>
          <w lemma="3701">וְ/כַ/כָּ֑סֶף</w>
          <w lemma="1961">וְ/הָיוּ֙</w>
          <w lemma="3068">לַֽ/יהוָ֔ה</w>
          <w lemma="5066">מַגִּישֵׁ֥י</w>
          <w lemma="4503">מִנְחָ֖ה</w>
          <w lemma="6666">בִּ/צְדָקָֽה</w><seg type="x-sof-pasuq">׃</seg> 
        </verse>
        <verse osisID="Mal.3.4">
          <w lemma="6149">וְ/עָֽרְבָה֙</w>
          <w lemma="3068">לַֽ/יהוָ֔ה</w>
          <w lemma="4503">מִנְחַ֥ת</w>
          <w lemma="3063">יְהוּדָ֖ה</w>
          <w lemma="3389">וִ/ירֽוּשָׁלִָ֑ם</w>
          <w lemma="3117">כִּ/ימֵ֣י</w>
          <w lemma="5769">עוֹלָ֔ם</w>
          <w lemma="8141">וּ/כְ/שָׁנִ֖ים</w>
          <w lemma="6931">קַדְמֹנִיּֽוֹת</w><seg type="x-sof-pasuq">׃</seg> 
        </verse>
        <verse osisID="Mal.3.5">
          <w lemma="7126">וְ/קָרַבְתִּ֣י</w>
          <w lemma="413">אֲלֵי/כֶם֮</w>
          <w lemma="4941">לַ/מִּשְׁפָּט֒</w>
          <w lemma="1961">וְ/הָיִ֣יתִי</w>
          <seg type="x-paseq">׀</seg> 
          <w lemma="5707">עֵ֣ד</w>
          <w lemma="4116">מְמַהֵ֗ר</w>
          <w lemma="3784">בַּֽ/מְכַשְּׁפִים֙</w>
          <w lemma="5003">וּ/בַ/מְנָ֣אֲפִ֔ים</w>
          <w lemma="7650">וּ/בַ/נִּשְׁבָּעִ֖ים</w>
          <w lemma="8267">לַ/שָּׁ֑קֶר</w>
          <w lemma="6231">וּ/בְ/עֹשְׁקֵ֣י</w>
          <w lemma="7939">שְׂכַר</w><seg type="x-maqqef">־</seg><w lemma="7916">שָׂ֠כִיר</w>
          <w lemma="490">אַלְמָנָ֨ה</w>
          <w lemma="3490">וְ/יָת֤וֹם</w>
          <w lemma="5186">וּ/מַטֵּי</w><seg type="x-maqqef">־</seg><w lemma="1616">גֵר֙</w>
          <w lemma="3808">וְ/לֹ֣א</w>
          <w lemma="3372">יְרֵא֔וּ/נִי</w>
          <w lemma="559">אָמַ֖ר</w>
          <w lemma="3068">יְהוָ֥ה</w>
          <w lemma="6635">צְבָאֽוֹת</w><seg type="x-sof-pasuq">׃</seg> 
        </verse>
        <verse osisID="Mal.3.6">
          <w lemma="3588">כִּ֛י</w>
          <w lemma="589">אֲנִ֥י</w>
          <w lemma="3068">יְהוָ֖ה</w>
          <w lemma="3808">לֹ֣א</w>
          <w lemma="8138">שָׁנִ֑יתִי</w>
          <w lemma="859">וְ/אַתֶּ֥ם</w>
          <w lemma="1121">בְּנֵֽי</w><seg type="x-maqqef">־</seg><w lemma="3290">יַעֲקֹ֖ב</w>
          <w lemma="3808">לֹ֥א</w>
          <w lemma="3615">כְלִיתֶֽם</w><seg type="x-sof-pasuq">׃</seg> 
        </verse>
        <verse osisID="Mal.3.7">
          <w lemma="3117">לְ/מִ/ימֵ֨י</w>
          <w lemma="1">אֲבֹתֵי/כֶ֜ם</w>
          <w lemma="5493">סַרְתֶּ֤ם</w>
          <w lemma="2706">מֵֽ/חֻקַּ/י֙</w>
          <w lemma="3808">וְ/לֹ֣א</w>
          <w lemma="8104">שְׁמַרְתֶּ֔ם</w>
          <w lemma="7725">שׁ֤וּבוּ</w>
          <w lemma="413">אֵלַ/י֙</w>
          <w lemma="7725">וְ/אָשׁ֣וּבָה</w>
          <w lemma="413">אֲלֵי/כֶ֔ם</w>
          <w lemma="559">אָמַ֖ר</w>
          <w lemma="3068">יְהוָ֣ה</w>
          <w lemma="6635">צְבָא֑וֹת</w>
          <w lemma="559">וַ/אֲמַרְתֶּ֖ם</w>
          <w lemma="4100">בַּ/מֶּ֥ה</w>
          <w lemma="7725">נָשֽׁוּב</w><seg type="x-sof-pasuq">׃</seg> 
        </verse>
        <verse osisID="Mal.3.8">
          <w lemma="6906">הֲ/יִקְבַּ֨ע</w>
          <w lemma="120">אָדָ֜ם</w>
          <w lemma="430">אֱלֹהִ֗ים</w>
          <w lemma="3588">כִּ֤י</w>
          <w lemma="859">אַתֶּם֙</w>
          <w lemma="6906">קֹבְעִ֣ים</w>
          <w lemma="853">אֹתִ֔/י</w>
          <w lemma="559">וַ/אֲמַרְתֶּ֖ם</w>
          <w lemma="4100">בַּ/מֶּ֣ה</w>
          <w lemma="6906">קְבַעֲנ֑וּ/ךָ</w>
          <w lemma="4643">הַֽ/מַּעֲשֵׂ֖ר</w>
          <w lemma="8641">וְ/הַ/תְּרוּמָֽה</w><seg type="x-sof-pasuq">׃</seg> 
        </verse>
        <verse osisID="Mal.3.9">
          <w lemma="3994">בַּ/מְּאֵרָה֙</w>
          <w lemma="859">אַתֶּ֣ם</w>
          <w lemma="779">נֵֽאָרִ֔ים</w>
          <w lemma="853">וְ/אֹתִ֖/י</w>
          <w lemma="859">אַתֶּ֣ם</w>
          <w lemma="6906">קֹבְעִ֑ים</w>
          <w lemma="1471">הַ/גּ֖וֹי</w>
          <w lemma="3605">כֻּלּֽ/וֹ</w><seg type="x-sof-pasuq">׃</seg> 
        </verse>
        <verse osisID="Mal.3.10">
          <w lemma="935">הָבִ֨יאוּ</w>
          <w lemma="853">אֶת</w><seg type="x-maqqef">־</seg><w lemma="3605">כָּל</w><seg type="x-maqqef">־</seg><w lemma="4643">הַֽ/מַּעֲשֵׂ֜ר</w>
          <w lemma="413">אֶל</w><seg type="x-maqqef">־</seg><w lemma="1004">בֵּ֣ית</w>
          <w lemma="214">הָ/אוֹצָ֗ר</w>
          <w lemma="1961">וִ/יהִ֥י</w>
          <w lemma="2964">טֶ֙רֶף֙</w>
          <w lemma="1004">בְּ/בֵיתִ֔/י</w>
          <w lemma="974">וּ/בְחָנ֤וּ/נִי</w>
          <w lemma="4994">נָא֙</w>
          <w lemma="2063">בָּ/זֹ֔את</w>
          <w lemma="559">אָמַ֖ר</w>
          <w lemma="3068">יְהוָ֣ה</w>
          <w lemma="6635">צְבָא֑וֹת</w>
          <w lemma="518">אִם</w><seg type="x-maqqef">־</seg><w lemma="3808">לֹ֧א</w>
          <w lemma="6605">אֶפְתַּ֣ח</w>
          <w>לָ/כֶ֗ם</w>
          <w lemma="853">אֵ֚ת</w>
          <w lemma="699">אֲרֻבּ֣וֹת</w>
          <w lemma="8064">הַ/שָּׁמַ֔יִם</w>
          <w lemma="7324">וַ/הֲרִיקֹתִ֥י</w>
          <w>לָ/כֶ֛ם</w>
          <w lemma="1293">בְּרָכָ֖ה</w>
          <w lemma="5704">עַד</w><seg type="x-maqqef">־</seg><w lemma="1097">בְּלִי</w><seg type="x-maqqef">־</seg><w lemma="1767">דָֽי</w><seg type="x-sof-pasuq">׃</seg> 
        </verse>
        <verse osisID="Mal.3.11">
          <w lemma="1605">וְ/גָעַרְתִּ֤י</w>
          <w>לָ/כֶם֙</w>
          <w lemma="398">בָּֽ/אֹכֵ֔ל</w>
          <w lemma="3808">וְ/לֹֽא</w><seg type="x-maqqef">־</seg><w lemma="7843">יַשְׁחִ֥ת</w>
          <w>לָ/כֶ֖ם</w>
          <w lemma="853">אֶת</w><seg type="x-maqqef">־</seg><w lemma="6529">פְּרִ֣י</w>
          <w lemma="127">הָ/אֲדָמָ֑ה</w>
          <w lemma="3808">וְ/לֹא</w><seg type="x-maqqef">־</seg><w lemma="7921">תְשַׁכֵּ֨ל</w>
          <w>לָ/כֶ֤ם</w>
          <w lemma="1612">הַ/גֶּ֙פֶן֙</w>
          <w lemma="7704">בַּ/שָּׂדֶ֔ה</w>
          <w lemma="559">אָמַ֖ר</w>
          <w lemma="3068">יְהוָ֥ה</w>
          <w lemma="6635">צְבָאֽוֹת</w><seg type="x-sof-pasuq">׃</seg> 
        </verse>
        <verse osisID="Mal.3.12">
          <w lemma="833">וְ/אִשְּׁר֥וּ</w>
          <w lemma="853">אֶתְ/כֶ֖ם</w>
          <w lemma="3605">כָּל</w><seg type="x-maqqef">־</seg><w lemma="1471">הַ/גּוֹיִ֑ם</w>
          <w lemma="3588">כִּֽי</w><seg type="x-maqqef">־</seg><w lemma="1961">תִהְי֤וּ</w>
          <w lemma="859">אַתֶּם֙</w>
          <w lemma="776">אֶ֣רֶץ</w>
          <w lemma="2656">חֵ֔פֶץ</w>
          <w lemma="559">אָמַ֖ר</w>
          <w lemma="3068">יְהוָ֥ה</w>
          <w lemma="6635">צְבָאֽוֹת</w><seg type="x-sof-pasuq">׃</seg> 
          <seg type="x-samekh">ס</seg> 
        </verse>
        <verse osisID="Mal.3.13">
          <w lemma="2388">חָזְק֥וּ</w>
          <w lemma="5921">עָלַ֛/י</w>
          <w lemma="1697">דִּבְרֵי/כֶ֖ם</w>
          <w lemma="559">אָמַ֣ר</w>
          <w lemma="3068">יְהוָ֑ה</w>
          <w lemma="559">וַ/אֲמַרְתֶּ֕ם</w>
          <w lemma="4100">מַה</w><seg type="x-maqqef">־</seg><w lemma="1696">נִּדְבַּ֖רְנוּ</w>
          <w lemma="5921">עָלֶֽי/ךָ</w><seg type="x-sof-pasuq">׃</seg> 
        </verse>
        <verse osisID="Mal.3.14">
          <w lemma="559">אֲמַרְתֶּ֕ם</w>
          <w lemma="7723">שָׁ֖וְא</w>
          <w lemma="5647">עֲבֹ֣ד</w>
          <w lemma="430">אֱלֹהִ֑ים</w>
          <w lemma="4100">וּ/מַה</w><seg type="x-maqqef">־</seg><w lemma="1215">בֶּ֗צַע</w>
          <w lemma="3588">כִּ֤י</w>
          <w lemma="8104">שָׁמַ֙רְנוּ֙</w>
          <w lemma="4931">מִשְׁמַרְתּ֔/וֹ</w>
          <w lemma="3588">וְ/כִ֤י</w>
          <w lemma="1980">הָלַ֙כְנוּ֙</w>
          <w lemma="6941">קְדֹ֣רַנִּ֔ית</w>
          <w lemma="6440">מִ/פְּנֵ֖י</w>
          <w lemma="3068">יְהוָ֥ה</w>
          <w lemma="6635">צְבָאֽוֹת</w><seg type="x-sof-pasuq">׃</seg> 
        </verse>
        <verse osisID="Mal.3.15">
          <w lemma="6258">וְ/עַתָּ֕ה</w>
          <w lemma="587">אֲנַ֖חְנוּ</w>
          <w lemma="833">מְאַשְּׁרִ֣ים</w>
          <w lemma="2086">זֵדִ֑ים</w>
          <w lemma="1571">גַּם</w><seg type="x-maqqef">־</seg><w lemma="1129">נִבְנוּ֙</w>
          <w lemma="6213">עֹשֵׂ֣י</w>
          <w lemma="7564">רִשְׁעָ֔ה</w>
          <w lemma="1571">גַּ֧ם</w>
          <w lemma="974">בָּחֲנ֛וּ</w>
          <w lemma="430">אֱלֹהִ֖ים</w>
          <w lemma="4422">וַ/יִּמָּלֵֽטוּ</w><seg type="x-sof-pasuq">׃</seg> 
        </verse>
        <verse osisID="Mal.3.16">
          <w lemma="227">אָ֧ז</w>
          <w lemma="1696">נִדְבְּר֛וּ</w>
          <w lemma="3372">יִרְאֵ֥י</w>
          <w lemma="3068">יְהוָ֖ה</w>
          <w lemma="376">אִ֣ישׁ</w>
          <w lemma="854">אֶת</w><seg type="x-maqqef">־</seg><w lemma="7453">רֵעֵ֑/הוּ</w>
          <w lemma="7181">וַ/יַּקְשֵׁ֤ב</w>
          <w lemma="3068">יְהוָה֙</w>
          <w lemma="8085">וַ/יִּשְׁמָ֔ע</w>
          <w lemma="3789">וַ֠/יִּכָּתֵב</w>
          <w lemma="5612">סֵ֣פֶר</w>
          <w lemma="2146">זִכָּר֤וֹן</w>
          <w lemma="6440">לְ/פָנָי/ו֙</w>
          <w lemma="3372">לְ/יִרְאֵ֣י</w>
          <w lemma="3068">יְהוָ֔ה</w>
          <w lemma="2803">וּ/לְ/חֹשְׁבֵ֖י</w>
          <w lemma="8034">שְׁמֽ/וֹ</w><seg type="x-sof-pasuq">׃</seg> 
        </verse>
        <verse osisID="Mal.3.17">
          <w lemma="1961">וְ/הָ֣יוּ</w>
          <w>לִ֗/י</w>
          <w lemma="559">אָמַר֙</w>
          <w lemma="3068">יְהוָ֣ה</w>
          <w lemma="6635">צְבָא֔וֹת</w>
          <w lemma="3117">לַ/יּ֕וֹם</w>
          <w lemma="834">אֲשֶׁ֥ר</w>
          <w lemma="589">אֲנִ֖י</w>
          <w lemma="6213">עֹשֶׂ֣ה</w>
          <w lemma="5459">סְגֻלָּ֑ה</w>
          <w lemma="2550">וְ/חָמַלְתִּ֣י</w>
          <w lemma="5921">עֲלֵי/הֶ֔ם</w>
          <w lemma="834">כַּֽ/אֲשֶׁר֙</w>
          <w lemma="2550">יַחְמֹ֣ל</w>
          <w lemma="376">אִ֔ישׁ</w>
          <w lemma="5921">עַל</w><seg type="x-maqqef">־</seg><w lemma="1121">בְּנ֖/וֹ</w>
          <w lemma="5647">הָ/עֹבֵ֥ד</w>
          <note>We read or understand L differently than BHS (1983 Edition). Often this notation indicates a typographical error in BHS.</note>
          <w lemma="853">אֹתֽ/וֹ</w><seg type="x-sof-pasuq">׃</seg> 
        </verse>
        <verse osisID="Mal.3.18">
          <w lemma="7725">וְ/שַׁבְתֶּם֙</w>
          <w lemma="7200">וּ/רְאִיתֶ֔ם</w>
          <w lemma="996">בֵּ֥ין</w>
          <w lemma="6662">צַדִּ֖יק</w>
          <w lemma="7563">לְ/רָשָׁ֑ע</w>
          <w lemma="996">בֵּ֚ין</w>
          <w lemma="5647">עֹבֵ֣ד</w>
          <w lemma="430">אֱלֹהִ֔ים</w>
          <w lemma="834">לַ/אֲשֶׁ֖ר</w>
          <w lemma="3808">לֹ֥א</w>
          <w lemma="5647">עֲבָדֽ/וֹ</w><seg type="x-sof-pasuq">׃</seg> 
          <seg type="x-samekh">ס</seg> 
        </verse>
        <verse osisID="Mal.3.19">
          <note>BHS:Mal.4.1</note>
          <w lemma="3588">כִּֽי</w><seg type="x-maqqef">־</seg><w lemma="2009">הִנֵּ֤ה</w>
          <w lemma="3117">הַ/יּוֹם֙</w>
          <w lemma="935">בָּ֔א</w>
          <w lemma="1197">בֹּעֵ֖ר</w>
          <w lemma="8574">כַּ/תַּנּ֑וּר</w>
          <w lemma="1961">וְ/הָי֨וּ</w>
          <w lemma="3605">כָל</w><seg type="x-maqqef">־</seg><w lemma="2086">זֵדִ֜ים</w>
          <w lemma="3605">וְ/כָל</w><seg type="x-maqqef">־</seg><w lemma="6213">עֹשֵׂ֤ה</w>
          <w lemma="7564">רִשְׁעָה֙</w>
          <w lemma="7179">קַ֔שׁ</w>
          <w lemma="3857">וְ/לִהַ֨ט</w>
          <w lemma="853">אֹתָ֜/ם</w>
          <w lemma="3117">הַ/יּ֣וֹם</w>
          <w lemma="935">הַ/בָּ֗א</w>
          <w lemma="559">אָמַר֙</w>
          <w lemma="3068">יְהוָ֣ה</w>
          <w lemma="6635">צְבָא֔וֹת</w>
          <w lemma="834">אֲשֶׁ֛ר</w>
          <w lemma="3808">לֹא</w><seg type="x-maqqef">־</seg><w lemma="5800">יַעֲזֹ֥ב</w>
          <w lemma="1992">לָ/הֶ֖ם</w>
          <w lemma="8328">שֹׁ֥רֶשׁ</w>
          <w lemma="6057">וְ/עָנָֽף</w><seg type="x-sof-pasuq">׃</seg> 
        </verse>
        <verse osisID="Mal.3.20">
          <note>BHS:Mal.4.2</note>
          <w lemma="2224">וְ/זָרְחָ֨ה</w>
          <w>לָ/כֶ֜ם</w>
          <w lemma="3373">יִרְאֵ֤י</w>
          <w lemma="8034">שְׁמִ/י֙</w>
          <w lemma="8121">שֶׁ֣מֶשׁ</w>
          <w lemma="6666">צְדָקָ֔ה</w>
          <w lemma="4832">וּ/מַרְפֵּ֖א</w>
          <w lemma="3671">בִּ/כְנָפֶ֑י/הָ</w>
          <w lemma="3318">וִֽ/יצָאתֶ֥ם</w>
          <w lemma="6335">וּ/פִשְׁתֶּ֖ם</w>
          <w lemma="5695">כְּ/עֶגְלֵ֥י</w>
          <w lemma="4770">מַרְבֵּֽק</w><seg type="x-sof-pasuq">׃</seg> 
        </verse>
        <verse osisID="Mal.3.21">
          <note>BHS:Mal.4.3</note>
          <w lemma="6072">וְ/עַסּוֹתֶ֣ם</w>
          <w lemma="7563">רְשָׁעִ֔ים</w>
          <w lemma="3588">כִּֽי</w><seg type="x-maqqef">־</seg><w lemma="1961">יִהְי֣וּ</w>
          <w lemma="665">אֵ֔פֶר</w>
          <w lemma="8478">תַּ֖חַת</w>
          <w lemma="3709">כַּפּ֣וֹת</w>
          <w lemma="7272">רַגְלֵי/כֶ֑ם</w>
          <w lemma="3117">בַּ/יּוֹם֙</w>
          <w lemma="834">אֲשֶׁ֣ר</w>
          <w lemma="589">אֲנִ֣י</w>
          <w lemma="6213">עֹשֶׂ֔ה</w>
          <w lemma="559">אָמַ֖ר</w>
          <w lemma="3068">יְהוָ֥ה</w>
          <w lemma="6635">צְבָאֽוֹת</w><seg type="x-sof-pasuq">׃</seg> 
          <seg type="x-pe">פ</seg>
        </verse>
        <verse osisID="Mal.3.22">
          <note>BHS:Mal.4.4</note>
          <w lemma="2142">זִכְר֕וּ</w>
          <w lemma="8451">תּוֹרַ֖ת</w>
          <w lemma="4872">מֹשֶׁ֣ה</w>
          <w lemma="5650">עַבְדִּ֑/י</w>
          <w lemma="834">אֲשֶׁר֩</w>
          <w lemma="6680">צִוִּ֨יתִי</w>
          <w lemma="853">אוֹת֤/וֹ</w>
          <w lemma="2722">בְ/חֹרֵב֙</w>
          <w lemma="5921">עַל</w><seg type="x-maqqef">־</seg><w lemma="3605">כָּל</w><seg type="x-maqqef">־</seg><w lemma="3478">יִשְׂרָאֵ֔ל</w>
          <w lemma="2706">חֻקִּ֖ים</w>
          <w lemma="4941">וּ/מִשְׁפָּטִֽים</w><seg type="x-sof-pasuq">׃</seg> 
        </verse>
        <verse osisID="Mal.3.23">
          <note>BHS:Mal.4.5</note>
          <w lemma="2009">הִנֵּ֤ה</w>
          <w lemma="595">אָֽנֹכִי֙</w>
          <w lemma="7971">שֹׁלֵ֣חַ</w>
          <w>לָ/כֶ֔ם</w>
          <w lemma="853">אֵ֖ת</w>
          <w lemma="452">אֵלִיָּ֣ה</w>
          <w lemma="5030">הַ/נָּבִ֑יא</w>
          <w lemma="6440">לִ/פְנֵ֗י</w>
          <w lemma="935">בּ֚וֹא</w>
          <w lemma="3117">י֣וֹם</w>
          <w lemma="3068">יְהוָ֔ה</w>
          <w lemma="1419">הַ/גָּד֖וֹל</w>
          <w lemma="3372">וְ/הַ/נּוֹרָֽא</w><seg type="x-sof-pasuq">׃</seg> 
        </verse>
        <verse osisID="Mal.3.24">
          <note>BHS:Mal.4.6</note>
          <w lemma="7725">וְ/הֵשִׁ֤יב</w>
          <w lemma="3820">לֵב</w><seg type="x-maqqef">־</seg><w lemma="1">אָבוֹת֙</w>
          <w lemma="5921">עַל</w><seg type="x-maqqef">־</seg><w lemma="1121">בָּנִ֔ים</w>
          <w lemma="3820">וְ/לֵ֥ב</w>
          <w lemma="1121">בָּנִ֖ים</w>
          <w lemma="5921">עַל</w><seg type="x-maqqef">־</seg><w lemma="1">אֲבוֹתָ֑/ם</w>
          <w lemma="6435">פֶּן</w><seg type="x-maqqef">־</seg><w lemma="935">אָב֕וֹא</w>
          <w lemma="5221">וְ/הִכֵּיתִ֥י</w>
          <w lemma="853">אֶת</w><seg type="x-maqqef">־</seg><w lemma="776">הָ/אָ֖רֶץ</w>
          <w lemma="2764">חֵֽרֶם</w><seg type="x-sof-pasuq">׃</seg> 
        </verse>
      </chapter>
    </div>
  </osisText>
</osis>
