<?xml version="1.0" encoding="utf-8"?>
<osis xmlns:xsi="http://www.w3.org/2001/XMLSchema-instance" xsi:schemaLocation="http://www.bibletechnologies.net/2003/OSIS/namespace http://www.bibletechnologies.net/osisCore.2.1.1.xsd" xmlns="http://www.bibletechnologies.net/2003/OSIS/namespace">
  <osisText xml:lang="he" osisIDWork="WLC">
    <header>
      <revisionDesc resp="dt">
        <date>2008.08.08</date>
        <p>Convert the Westminster Leningrad Codex files from TEI markup to OSIS book files.</p>
      </revisionDesc>
      <work osisWork="WLC" xml:lang="he">
        <title>Westminster Leningrad Codex</title>
        <contributor role="edt">Daniel Owens</contributor>
        <contributor role="edt">David Troidl</contributor>
        <contributor role="edt">Christopher V. Kimball</contributor>
        <date>2007.9.16</date>
        <identifier type="URL">http://www.tanach.us/Tanach.xml</identifier>
        <rights>Public Domain</rights>
      </work>
      <work osisWork="BHS" xml:lang="he">
        <title>BHS unaccented with Strongs</title>
        <contributor role="edt">Joseph Planeta</contributor>
        <contributor role="edt">Rev. Graham Nind</contributor>
        <description>Unaccented Biblia Hebraica Stuttgartensia Hebrew with Strong's numbers by Rev. Graham.</description>
        <identifier type="URL">http://www.faithofgod.net/</identifier>
        <identifier type="URL">http://www.grahamnind.dsl.pipex.com/files</identifier>
        <rights>Public Domain</rights>
      </work>
      <work osisWork="Strong" xml:lang="en">
        <title>A Concise Dictionary of the Words in the Hebrew Bible</title>
        <title type="sub">with their Renderings in the King James Version</title>
        <contributor role="edt">David Troidl</contributor>
        <contributor role="edt">David Instone-Brewer</contributor>
        <creator role="edt">James Strong, LL.D., S.T.D.</creator>
        <date>1894</date>
        <description resp="dib">The data came from several PD sources which were full of errors. I cleaned them by comparing them to each other and (where necessary) looking at the original.</description>
        <publisher>Hunt &amp;amp; Eaton</publisher>
        <identifier type="URL">www.2LetterLookup.com</identifier>
        <source>The exhaustive concordance of the Bible:</source>
        <rights>Public Domain</rights>
      </work>
      <workPrefix path="//w/@lemma" osisWork="Strong" />
    </header>
    <div type="book" osisID="Mic">
      <chapter osisID="Mic.1">
        <verse osisID="Mic.1.1">
          <w lemma="1697">דְּבַר</w><seg type="x-maqqef">־</seg><w lemma="3068">יְהוָ֣ה</w>
          <seg type="x-paseq">׀</seg> 
          <w lemma="834">אֲשֶׁ֣ר</w>
          <w lemma="1961">הָיָ֗ה</w>
          <w lemma="413">אֶל</w><seg type="x-maqqef">־</seg><w lemma="4318">מִיכָה֙</w>
          <w lemma="4183">הַ/מֹּ֣רַשְׁתִּ֔י</w>
          <w lemma="3117">בִּ/ימֵ֥י</w>
          <w lemma="3147">יוֹתָ֛ם</w>
          <w lemma="271">אָחָ֥ז</w>
          <w lemma="2396">יְחִזְקִיָּ֖ה</w>
          <w lemma="4428">מַלְכֵ֣י</w>
          <w lemma="3063">יְהוּדָ֑ה</w>
          <w lemma="834">אֲשֶׁר</w><seg type="x-maqqef">־</seg><w lemma="2372">חָזָ֥ה</w>
          <w lemma="5921">עַל</w><seg type="x-maqqef">־</seg><w lemma="8111">שֹׁמְר֖וֹן</w>
          <w lemma="3389">וִ/ירֽוּשָׁלִָֽם</w><seg type="x-sof-pasuq">׃</seg> 
        </verse>
        <verse osisID="Mic.1.2">
          <w lemma="8085">שִׁמְעוּ֙</w>
          <w lemma="5971">עַמִּ֣ים</w>
          <w lemma="3605">כֻּלָּ֔/ם</w>
          <w lemma="7181">הַקְשִׁ֖יבִי</w>
          <w lemma="776">אֶ֣רֶץ</w>
          <w lemma="4393">וּ/מְלֹאָ֑/הּ</w>
          <w lemma="1961">וִ/יהִי֩</w>
          <w lemma="136">אֲדֹנָ֨/י</w>
          <w lemma="3069">יְהוִ֤ה</w>
          <w>בָּ/כֶם֙</w>
          <w lemma="5707">לְ/עֵ֔ד</w>
          <w lemma="136">אֲדֹנָ֖/י</w>
          <w lemma="1964">מֵ/הֵיכַ֥ל</w>
          <w lemma="6944">קָדְשֽׁ/וֹ</w><seg type="x-sof-pasuq">׃</seg> 
        </verse>
        <verse osisID="Mic.1.3">
          <w lemma="3588">כִּֽי</w><seg type="x-maqqef">־</seg><w lemma="2009">הִנֵּ֥ה</w>
          <w lemma="3068">יְהוָ֖ה</w>
          <w lemma="3318">יֹצֵ֣א</w>
          <w lemma="4725">מִ/מְּקוֹמ֑/וֹ</w>
          <w lemma="3381">וְ/יָרַ֥ד</w>
          <w lemma="1869">וְ/דָרַ֖ךְ</w>
          <w lemma="5921">עַל</w><seg type="x-maqqef">־</seg><w lemma="1116">במותי</w><note type="variant"><catchWord>במותי</catchWord><rdg type="x-qere"><w lemma="1116">בָּ֥מֳתֵי</w></rdg></note>
          <w lemma="776">אָֽרֶץ</w><seg type="x-sof-pasuq">׃</seg> 
        </verse>
        <verse osisID="Mic.1.4">
          <w lemma="4549">וְ/נָמַ֤סּוּ</w>
          <w lemma="2022">הֶֽ/הָרִים֙</w>
          <w lemma="8478">תַּחְתָּ֔י/ו</w>
          <w lemma="6010">וְ/הָ/עֲמָקִ֖ים</w>
          <w lemma="1234">יִתְבַּקָּ֑עוּ</w>
          <w lemma="1749">כַּ/דּוֹנַג֙</w>
          <w lemma="6440">מִ/פְּנֵ֣י</w>
          <w lemma="784">הָ/אֵ֔שׁ</w>
          <w lemma="4325">כְּ/מַ֖יִם</w>
          <w lemma="5064">מֻגָּרִ֥ים</w>
          <w lemma="4174">בְּ/מוֹרָֽד</w><seg type="x-sof-pasuq">׃</seg> 
        </verse>
        <verse osisID="Mic.1.5">
          <w lemma="6588">בְּ/פֶ֤שַׁע</w>
          <w lemma="3290">יַֽעֲקֹב֙</w>
          <w lemma="3605">כָּל</w><seg type="x-maqqef">־</seg><w lemma="2063">זֹ֔את</w>
          <w lemma="2403">וּ/בְ/חַטֹּ֖אות</w>
          <w lemma="1004">בֵּ֣ית</w>
          <w lemma="3478">יִשְׂרָאֵ֑ל</w>
          <w lemma="4310">מִֽי</w><seg type="x-maqqef">־</seg><w lemma="6588">פֶ֣שַׁע</w>
          <w lemma="3290">יַעֲקֹ֗ב</w>
          <w lemma="3808">הֲ/לוֹא֙</w>
          <w lemma="8111">שֹֽׁמְר֔וֹן</w>
          <w lemma="4310">וּ/מִי֙</w>
          <w lemma="1116">בָּמ֣וֹת</w>
          <w lemma="3063">יְהוּדָ֔ה</w>
          <w lemma="3808">הֲ/ל֖וֹא</w>
          <w lemma="3389">יְרוּשָׁלִָֽם</w><seg type="x-sof-pasuq">׃</seg> 
        </verse>
        <verse osisID="Mic.1.6">
          <w lemma="7760">וְ/שַׂמְתִּ֥י</w>
          <w lemma="8111">שֹׁמְר֛וֹן</w>
          <w lemma="5856">לְ/עִ֥י</w>
          <w lemma="7704">הַ/שָּׂדֶ֖ה</w>
          <w lemma="4302">לְ/מַטָּ֣עֵי</w>
          <w lemma="3754">כָ֑רֶם</w>
          <w lemma="5064">וְ/הִגַּרְתִּ֤י</w>
          <w lemma="1516">לַ/גַּי֙</w>
          <w lemma="68">אֲבָנֶ֔י/הָ</w>
          <w lemma="3247">וִ/יסֹדֶ֖י/הָ</w>
          <w lemma="1540">אֲגַלֶּֽה</w><seg type="x-sof-pasuq">׃</seg> 
        </verse>
        <verse osisID="Mic.1.7">
          <w lemma="3605">וְ/כָל</w><seg type="x-maqqef">־</seg><w lemma="6456">פְּסִילֶ֣י/הָ</w>
          <w lemma="3807">יֻכַּ֗תּוּ</w>
          <w lemma="3605">וְ/כָל</w><seg type="x-maqqef">־</seg><w lemma="868">אֶתְנַנֶּ֙י/הָ֙</w>
          <w lemma="8313">יִשָּׂרְפ֣וּ</w>
          <w lemma="784">בָ/אֵ֔שׁ</w>
          <w lemma="3605">וְ/כָל</w><seg type="x-maqqef">־</seg><w lemma="6091">עֲצַבֶּ֖י/הָ</w>
          <w lemma="7760">אָשִׂ֣ים</w>
          <w lemma="8077">שְׁמָמָ֑ה</w>
          <w lemma="3588">כִּ֠י</w>
          <w lemma="868">מֵ/אֶתְנַ֤ן</w>
          <w lemma="2181">זוֹנָה֙</w>
          <w lemma="6908">קִבָּ֔צָה</w>
          <w lemma="5704">וְ/עַד</w><seg type="x-maqqef">־</seg><w lemma="868">אֶתְנַ֥ן</w>
          <w lemma="2181">זוֹנָ֖ה</w>
          <w lemma="7725">יָשֽׁוּבוּ</w><seg type="x-sof-pasuq">׃</seg> 
        </verse>
        <verse osisID="Mic.1.8">
          <w lemma="5921">עַל</w><seg type="x-maqqef">־</seg><w lemma="2063">זֹאת֙</w>
          <w lemma="5594">אֶסְפְּדָ֣ה</w>
          <w lemma="3213">וְ/אֵילִ֔ילָה</w>
          <w lemma="1980">אֵילְכָ֥ה</w>
          <w lemma="7758">שילל</w><note type="variant"><catchWord>שילל</catchWord><rdg type="x-qere"><w lemma="7758">שׁוֹלָ֖ל</w></rdg></note>
          <w lemma="6174">וְ/עָר֑וֹם</w>
          <w lemma="6213">אֶעֱשֶׂ֤ה</w>
          <w lemma="4553">מִסְפֵּד֙</w>
          <w lemma="8577">כַּ/תַּנִּ֔ים</w>
          <w lemma="60">וְ/אֵ֖בֶל</w>
          <w lemma="1323">כִּ/בְנ֥וֹת</w>
          <w lemma="3284">יַעֲנָֽה</w><seg type="x-sof-pasuq">׃</seg> 
        </verse>
        <verse osisID="Mic.1.9">
          <w lemma="3588">כִּ֥י</w>
          <w lemma="605">אֲנוּשָׁ֖ה</w>
          <w lemma="4347">מַכּוֹתֶ֑י/הָ</w>
          <w lemma="3588">כִּי</w><seg type="x-maqqef">־</seg><w lemma="935">בָ֙אָה֙</w>
          <w lemma="5704">עַד</w><seg type="x-maqqef">־</seg><w lemma="3063">יְהוּדָ֔ה</w>
          <w lemma="5060">נָגַ֛ע</w>
          <w lemma="5704">עַד</w><seg type="x-maqqef">־</seg><w lemma="8179">שַׁ֥עַר</w>
          <w lemma="5971">עַמִּ֖/י</w>
          <w lemma="5704">עַד</w><seg type="x-maqqef">־</seg><w lemma="3389">יְרוּשָׁלִָֽם</w><seg type="x-sof-pasuq">׃</seg> 
        </verse>
        <verse osisID="Mic.1.10">
          <w lemma="1661">בְּ/גַת֙</w>
          <w lemma="408">אַל</w><seg type="x-maqqef">־</seg><w lemma="5046">תַּגִּ֔ידוּ</w>
          <w lemma="1058">בָּכ֖וֹ</w>
          <w lemma="408">אַל</w><seg type="x-maqqef">־</seg><w lemma="1058">תִּבְכּ֑וּ</w>
          <w>בְּ/בֵ֣ית</w>
          <w lemma="1036">לְעַפְרָ֔ה</w>
          <w lemma="6083">עָפָ֖ר</w>
          <w lemma="6428">התפלשתי</w><note type="variant"><catchWord>התפלשתי</catchWord><rdg type="x-qere"><w lemma="6428">הִתְפַּלָּֽשִׁי</w></rdg></note><seg type="x-sof-pasuq">׃</seg> 
        </verse>
        <verse osisID="Mic.1.11">
          <w lemma="5674">עִבְרִ֥י</w>
          <w>לָ/כֶ֛ם</w>
          <w lemma="3427">יוֹשֶׁ֥בֶת</w>
          <w lemma="8208">שָׁפִ֖יר</w>
          <w lemma="6181">עֶרְיָה</w><seg type="x-maqqef">־</seg><w lemma="1322">בֹ֑שֶׁת</w>
          <w lemma="3808">לֹ֤א</w>
          <w lemma="3318">יָֽצְאָה֙</w>
          <w lemma="3427">יוֹשֶׁ֣בֶת</w>
          <w lemma="6630">צַֽאֲנָ֔ן</w>
          <w lemma="5594">מִסְפַּד֙</w>
          <w>בֵּ֣ית</w>
          <w lemma="1018">הָאֵ֔צֶל</w>
          <w lemma="3947">יִקַּ֥ח</w>
          <w lemma="4480">מִ/כֶּ֖ם</w>
          <w lemma="5979">עֶמְדָּתֽ/וֹ</w><seg type="x-sof-pasuq">׃</seg> 
        </verse>
        <verse osisID="Mic.1.12">
          <w lemma="3588">כִּֽי</w><seg type="x-maqqef">־</seg><w lemma="2470">חָ֥לָֽה</w>
          <w lemma="2896">לְ/ט֖וֹב</w>
          <w lemma="3427">יוֹשֶׁ֣בֶת</w>
          <w lemma="4796">מָר֑וֹת</w>
          <w lemma="3588">כִּֽי</w><seg type="x-maqqef">־</seg><w lemma="3381">יָ֤רַד</w>
          <w lemma="7451">רָע֙</w>
          <w lemma="853">מֵ/אֵ֣ת</w>
          <w lemma="3068">יְהוָ֔ה</w>
          <w lemma="8179">לְ/שַׁ֖עַר</w>
          <w lemma="3389">יְרוּשָׁלִָֽם</w><seg type="x-sof-pasuq">׃</seg> 
        </verse>
        <verse osisID="Mic.1.13">
          <w lemma="7573">רְתֹ֧ם</w>
          <w lemma="4818">הַ/מֶּרְכָּבָ֛ה</w>
          <w lemma="7409">לָ/רֶ֖כֶשׁ</w>
          <w lemma="3427">יוֹשֶׁ֣בֶת</w>
          <w lemma="3923">לָכִ֑ישׁ</w>
          <w lemma="7225">רֵאשִׁ֨ית</w>
          <w lemma="2403">חַטָּ֥את</w>
          <w lemma="1931">הִיא֙</w>
          <w lemma="1323">לְ/בַת</w><seg type="x-maqqef">־</seg><w lemma="6726">צִיּ֔וֹן</w>
          <w lemma="3588">כִּי</w><seg type="x-maqqef">־</seg><w>בָ֥/ךְ</w>
          <w lemma="4672">נִמְצְא֖וּ</w>
          <w lemma="6588">פִּשְׁעֵ֥י</w>
          <w lemma="3478">יִשְׂרָאֵֽל</w><seg type="x-sof-pasuq">׃</seg> 
        </verse>
        <verse osisID="Mic.1.14">
          <w lemma="3651">לָ/כֵן֙</w>
          <w lemma="5414">תִּתְּנִ֣י</w>
          <w lemma="7964">שִׁלּוּחִ֔ים</w>
          <w lemma="5921">עַ֖ל</w>
          <w>מוֹרֶ֣שֶׁת</w>
          <w lemma="4182">גַּ֑ת</w>
          <w lemma="1004">בָּתֵּ֤י</w>
          <w lemma="392">אַכְזִיב֙</w>
          <w lemma="391">לְ/אַכְזָ֔ב</w>
          <w lemma="4428">לְ/מַלְכֵ֖י</w>
          <w lemma="3478">יִשְׂרָאֵֽל</w><seg type="x-sof-pasuq">׃</seg> 
        </verse>
        <verse osisID="Mic.1.15">
          <w lemma="5750">עֹ֗ד</w>
          <w lemma="3423">הַ/יֹּרֵשׁ֙</w>
          <w lemma="935">אָ֣בִי</w>
          <w>לָ֔/ךְ</w>
          <w lemma="3427">יוֹשֶׁ֖בֶת</w>
          <w lemma="4762">מָֽרֵשָׁ֑ה</w>
          <w lemma="5704">עַד</w><seg type="x-maqqef">־</seg><w lemma="5725">עֲדֻלָּ֥ם</w>
          <w lemma="935">יָב֖וֹא</w>
          <w lemma="3519">כְּב֥וֹד</w>
          <w lemma="3478">יִשְׂרָאֵֽל</w><seg type="x-sof-pasuq">׃</seg> 
        </verse>
        <verse osisID="Mic.1.16">
          <w lemma="7139">קָרְחִ֣י</w>
          <w lemma="1494">וָ/גֹ֔זִּי</w>
          <w lemma="5921">עַל</w><seg type="x-maqqef">־</seg><w lemma="1121">בְּנֵ֖י</w>
          <w lemma="8588">תַּעֲנוּגָ֑יִ/ךְ</w>
          <w lemma="7337">הַרְחִ֤בִי</w>
          <w lemma="7144">קָרְחָתֵ/ךְ֙</w>
          <w lemma="5404">כַּ/נֶּ֔שֶׁר</w>
          <w lemma="3588">כִּ֥י</w>
          <w lemma="1540">גָל֖וּ</w>
          <w lemma="4480">מִמֵּֽ/ךְ</w><seg type="x-sof-pasuq">׃</seg> 
          <seg type="x-samekh">ס</seg> 
        </verse>
      </chapter>
      <chapter osisID="Mic.2">
        <verse osisID="Mic.2.1">
          <w lemma="1945">ה֧וֹי</w>
          <w lemma="2803">חֹֽשְׁבֵי</w><seg type="x-maqqef">־</seg><w lemma="205">אָ֛וֶן</w>
          <w lemma="6466">וּ/פֹ֥עֲלֵי</w>
          <w lemma="7451">רָ֖ע</w>
          <w lemma="5921">עַל</w><seg type="x-maqqef">־</seg><w lemma="4904">מִשְׁכְּבוֹתָ֑/ם</w>
          <w lemma="216">בְּ/א֤וֹר</w>
          <w lemma="1242">הַ/בֹּ֙קֶר֙</w>
          <w lemma="6213">יַעֲשׂ֔וּ/הָ</w>
          <w lemma="3588">כִּ֥י</w>
          <w lemma="3426">יֶשׁ</w><seg type="x-maqqef">־</seg><w lemma="410">לְ/אֵ֖ל</w>
          <w lemma="3027">יָדָֽ/ם</w><seg type="x-sof-pasuq">׃</seg> 
        </verse>
        <verse osisID="Mic.2.2">
          <w lemma="2530">וְ/חָמְד֤וּ</w>
          <w lemma="7704">שָׂדוֹת֙</w>
          <w lemma="1497">וְ/גָזָ֔לוּ</w>
          <w lemma="1004">וּ/בָתִּ֖ים</w>
          <w lemma="5375">וְ/נָשָׂ֑אוּ</w>
          <w lemma="6231">וְ/עָֽשְׁקוּ֙</w>
          <w lemma="1397">גֶּ֣בֶר</w>
          <w lemma="1004">וּ/בֵית֔/וֹ</w>
          <w lemma="376">וְ/אִ֖ישׁ</w>
          <w lemma="5159">וְ/נַחֲלָתֽ/וֹ</w><seg type="x-sof-pasuq">׃</seg> 
          <seg type="x-pe">פ</seg>
        </verse>
        <verse osisID="Mic.2.3">
          <w lemma="3651">לָ/כֵ֗ן</w>
          <w lemma="3541">כֹּ֚ה</w>
          <w lemma="559">אָמַ֣ר</w>
          <w lemma="3068">יְהוָ֔ה</w>
          <w lemma="2005">הִנְ/נִ֥י</w>
          <w lemma="2803">חֹשֵׁ֛ב</w>
          <w lemma="5921">עַל</w><seg type="x-maqqef">־</seg><w lemma="4940">הַ/מִּשְׁפָּחָ֥ה</w>
          <w lemma="2063">הַ/זֹּ֖את</w>
          <w lemma="7451">רָעָ֑ה</w>
          <w lemma="834">אֲ֠שֶׁר</w>
          <w lemma="3808">לֹֽא</w><seg type="x-maqqef">־</seg><w lemma="4185">תָמִ֨ישׁוּ</w>
          <w lemma="8033">מִ/שָּׁ֜ם</w>
          <w lemma="6677">צַוְּארֹֽתֵי/כֶ֗ם</w>
          <w lemma="3808">וְ/לֹ֤א</w>
          <w lemma="1980">תֵֽלְכוּ֙</w>
          <w lemma="7317">רוֹמָ֔ה</w>
          <w lemma="3588">כִּ֛י</w>
          <w lemma="6256">עֵ֥ת</w>
          <w lemma="7451">רָעָ֖ה</w>
          <w lemma="1931">הִֽיא</w><seg type="x-sof-pasuq">׃</seg> 
        </verse>
        <verse osisID="Mic.2.4">
          <w lemma="3117">בַּ/יּ֨וֹם</w>
          <w lemma="1931">הַ/ה֜וּא</w>
          <w lemma="5375">יִשָּׂ֧א</w>
          <w lemma="5921">עֲלֵי/כֶ֣ם</w>
          <w lemma="4912">מָשָׁ֗ל</w>
          <w lemma="5091">וְ/נָהָ֨ה</w>
          <w lemma="5092">נְהִ֤י</w>
          <w lemma="1961">נִֽהְיָה֙</w>
          <w lemma="559">אָמַר֙</w>
          <w lemma="7703">שָׁד֣וֹד</w>
          <w lemma="7703">נְשַׁדֻּ֔נוּ</w>
          <w lemma="2506">חֵ֥לֶק</w>
          <w lemma="5971">עַמִּ֖/י</w>
          <w lemma="4171">יָמִ֑יר</w>
          <w lemma="349">אֵ֚יךְ</w>
          <w lemma="4185">יָמִ֣ישׁ</w>
          <w>לִ֔/י</w>
          <w lemma="7728">לְ/שׁוֹבֵ֥ב</w>
          <w lemma="7704">שָׂדֵ֖י/נוּ</w>
          <w lemma="2505">יְחַלֵּֽק</w><seg type="x-sof-pasuq">׃</seg> 
        </verse>
        <verse osisID="Mic.2.5">
          <w lemma="3651">לָ/כֵן֙</w>
          <w lemma="3808">לֹֽא</w><seg type="x-maqqef">־</seg><w lemma="1961">יִֽהְיֶ֣ה</w>
          <w>לְ/ךָ֔</w>
          <w lemma="7993">מַשְׁלִ֥יךְ</w>
          <w lemma="2256">חֶ֖בֶל</w>
          <w lemma="1486">בְּ/גוֹרָ֑ל</w>
          <w lemma="6951">בִּ/קְהַ֖ל</w>
          <w lemma="3068">יְהוָֽה</w><seg type="x-sof-pasuq">׃</seg> 
        </verse>
        <verse osisID="Mic.2.6">
          <w lemma="408">אַל</w><seg type="x-maqqef">־</seg><w lemma="5197">תַּטִּ֖פוּ</w>
          <w lemma="5197">יַטִּיפ֑וּ/ן</w>
          <w lemma="3808">לֹֽא</w><seg type="x-maqqef">־</seg><w lemma="5197">יַטִּ֣פוּ</w>
          <w lemma="428">לָ/אֵ֔לֶּה</w>
          <w lemma="3808">לֹ֥א</w>
          <w lemma="5253">יִסַּ֖ג</w>
          <w lemma="3639">כְּלִמּֽוֹת</w><seg type="x-sof-pasuq">׃</seg> 
        </verse>
        <verse osisID="Mic.2.7">
          <w lemma="559">הֶ/אָמ֣וּר</w>
          <w lemma="1004">בֵּֽית</w><seg type="x-maqqef">־</seg><w lemma="3290">יַעֲקֹ֗ב</w>
          <w lemma="7114">הֲ/קָצַר֙</w>
          <w lemma="7307">ר֣וּחַ</w>
          <w lemma="3068">יְהוָ֔ה</w>
          <w lemma="518">אִם</w><seg type="x-maqqef">־</seg><w lemma="428">אֵ֖לֶּה</w>
          <w lemma="4611">מַעֲלָלָ֑י/ו</w>
          <w lemma="3808">הֲ/ל֤וֹא</w>
          <w lemma="1697">דְבָרַ֨/י</w>
          <w lemma="3190">יֵיטִ֔יבוּ</w>
          <w lemma="5973">עִ֖ם</w>
          <w lemma="3477">הַ/יָּשָׁ֥ר</w>
          <w lemma="1980">הוֹלֵֽךְ</w><seg type="x-sof-pasuq">׃</seg> 
        </verse>
        <verse osisID="Mic.2.8">
          <w lemma="865">וְ/אֶתְמ֗וּל</w>
          <w lemma="5971">עַמִּ/י֙</w>
          <w lemma="341">לְ/אוֹיֵ֣ב</w>
          <w lemma="6965">יְקוֹמֵ֔ם</w>
          <w lemma="4136">מִ/מּ֣וּל</w>
          <w lemma="8008">שַׂלְמָ֔ה</w>
          <w lemma="145">אֶ֖דֶר</w>
          <w lemma="6584">תַּפְשִׁט֑וּ/ן</w>
          <w lemma="5674">מֵ/עֹבְרִ֣ים</w>
          <w lemma="983">בֶּ֔טַח</w>
          <w lemma="7725">שׁוּבֵ֖י</w>
          <w lemma="4421">מִלְחָמָֽה</w><seg type="x-sof-pasuq">׃</seg> 
        </verse>
        <verse osisID="Mic.2.9">
          <w lemma="802">נְשֵׁ֤י</w>
          <w lemma="5971">עַמִּ/י֙</w>
          <w lemma="1644">תְּגָ֣רְשׁ֔וּ/ן</w>
          <w lemma="1004">מִ/בֵּ֖ית</w>
          <w lemma="8588">תַּֽעֲנֻגֶ֑י/הָ</w>
          <w lemma="5921">מֵ/עַל֙</w>
          <w lemma="5768">עֹֽלָלֶ֔י/הָ</w>
          <w lemma="3947">תִּקְח֥וּ</w>
          <w lemma="1926">הֲדָרִ֖/י</w>
          <w lemma="5769">לְ/עוֹלָֽם</w><seg type="x-sof-pasuq">׃</seg> 
        </verse>
        <verse osisID="Mic.2.10">
          <w lemma="6965">ק֣וּמוּ</w>
          <w lemma="1980">וּ/לְכ֔וּ</w>
          <w lemma="3588">כִּ֥י</w>
          <w lemma="3808">לֹא</w><seg type="x-maqqef">־</seg><w lemma="2063">זֹ֖את</w>
          <w lemma="4496">הַ/מְּנוּחָ֑ה</w>
          <w lemma="5668">בַּ/עֲב֥וּר</w>
          <w lemma="2930">טָמְאָ֛ה</w>
          <w lemma="2254">תְּחַבֵּ֖ל</w>
          <w lemma="2256">וְ/חֶ֥בֶל</w>
          <w lemma="4834">נִמְרָֽץ</w><seg type="x-sof-pasuq">׃</seg> 
        </verse>
        <verse osisID="Mic.2.11">
          <w lemma="3863">לוּ</w><seg type="x-maqqef">־</seg><w lemma="376">אִ֞ישׁ</w>
          <w lemma="1980">הֹלֵ֥ךְ</w>
          <w lemma="7307">ר֙וּחַ֙</w>
          <w lemma="8267">וָ/שֶׁ֣קֶר</w>
          <w lemma="3576">כִּזֵּ֔ב</w>
          <w lemma="5197">אַטִּ֣ף</w>
          <w>לְ/ךָ֔</w>
          <w lemma="3196">לַ/יַּ֖יִן</w>
          <w lemma="7941">וְ/לַ/שֵּׁכָ֑ר</w>
          <w lemma="1961">וְ/הָיָ֥ה</w>
          <w lemma="5197">מַטִּ֖יף</w>
          <w lemma="5971">הָ/עָ֥ם</w>
          <w lemma="2088">הַ/זֶּֽה</w><seg type="x-sof-pasuq">׃</seg> 
        </verse>
        <verse osisID="Mic.2.12">
          <w lemma="622">אָסֹ֨ף</w>
          <w lemma="622">אֶאֱסֹ֜ף</w>
          <w lemma="3290">יַעֲקֹ֣ב</w>
          <w lemma="3605">כֻּלָּ֗/ךְ</w>
          <w lemma="6908">קַבֵּ֤ץ</w>
          <w lemma="6908">אֲקַבֵּץ֙</w>
          <w lemma="7611">שְׁאֵרִ֣ית</w>
          <w lemma="3478">יִשְׂרָאֵ֔ל</w>
          <w lemma="3162">יַ֥חַד</w>
          <w lemma="7760">אֲשִׂימֶ֖/נּוּ</w>
          <w lemma="6629">כְּ/צֹ֣אן</w>
          <w lemma="1223">בָּצְרָ֑ה</w>
          <w lemma="5739">כְּ/עֵ֙דֶר֙</w>
          <w lemma="8432">בְּ/ת֣וֹךְ</w>
          <w lemma="1699">הַ/דָּֽבְר֔/וֹ</w>
          <w lemma="1949">תְּהִימֶ֖נָה</w>
          <w lemma="120">מֵ/אָדָֽם</w><seg type="x-sof-pasuq">׃</seg> 
        </verse>
        <verse osisID="Mic.2.13">
          <w lemma="5927">עָלָ֤ה</w>
          <w lemma="6555">הַ/פֹּרֵץ֙</w>
          <w lemma="6440">לִ/פְנֵי/הֶ֔ם</w>
          <w lemma="6555">פָּֽרְצוּ֙</w>
          <w lemma="5674">וַֽ/יַּעֲבֹ֔רוּ</w>
          <w lemma="8179">שַׁ֖עַר</w>
          <w lemma="3318">וַ/יֵּ֣צְאוּ</w>
          <w>ב֑/וֹ</w>
          <w lemma="5674">וַ/יַּעֲבֹ֤ר</w>
          <w lemma="4428">מַלְכָּ/ם֙</w>
          <w lemma="6440">לִ/פְנֵי/הֶ֔ם</w>
          <w lemma="3068">וַ/יהוָ֖ה</w>
          <w lemma="7218">בְּ/רֹאשָֽׁ/ם</w><seg type="x-sof-pasuq">׃</seg> 
          <seg type="x-pe">פ</seg>
        </verse>
      </chapter>
      <chapter osisID="Mic.3">
        <verse osisID="Mic.3.1">
          <w lemma="559">וָ/אֹמַ֗ר</w>
          <w lemma="8085">שִׁמְעוּ</w><seg type="x-maqqef">־</seg><w lemma="4994">נָא֙</w>
          <w lemma="7218">רָאשֵׁ֣י</w>
          <w lemma="3290">יַעֲקֹ֔ב</w>
          <w lemma="7101">וּ/קְצִינֵ֖י</w>
          <w lemma="1004">בֵּ֣ית</w>
          <w lemma="3478">יִשְׂרָאֵ֑ל</w>
          <w lemma="3808">הֲ/ל֣וֹא</w>
          <w>לָ/כֶ֔ם</w>
          <w lemma="3045">לָ/דַ֖עַת</w>
          <w lemma="853">אֶת</w><seg type="x-maqqef">־</seg><w lemma="4941">הַ/מִּשְׁפָּֽט</w><seg type="x-sof-pasuq">׃</seg> 
        </verse>
        <verse osisID="Mic.3.2">
          <w lemma="8130">שֹׂ֥נְאֵי</w>
          <w lemma="2896">ט֖וֹב</w>
          <w lemma="157">וְ/אֹ֣הֲבֵי</w>
          <w lemma="7451">רעה</w><note type="variant"><catchWord>רעה</catchWord><rdg type="x-qere"><w lemma="7451">רָ֑ע</w></rdg></note>
          <w lemma="1497">גֹּזְלֵ֤י</w>
          <w lemma="5785">עוֹרָ/ם֙</w>
          <w lemma="5921">מֵֽ/עֲלֵי/הֶ֔ם</w>
          <w lemma="7607">וּ/שְׁאֵרָ֖/ם</w>
          <w lemma="5921">מֵ/עַ֥ל</w>
          <w lemma="6106">עַצְמוֹתָֽ/ם</w><seg type="x-sof-pasuq">׃</seg> 
        </verse>
        <verse osisID="Mic.3.3">
          <w lemma="834">וַ/אֲשֶׁ֣ר</w>
          <w lemma="398">אָכְלוּ֮</w>
          <w lemma="7607">שְׁאֵ֣ר</w>
          <w lemma="5971">עַמִּ/י֒</w>
          <w lemma="5785">וְ/עוֹרָ/ם֙</w>
          <w lemma="5921">מֵ/עֲלֵי/הֶ֣ם</w>
          <w lemma="6584">הִפְשִׁ֔יטוּ</w>
          <w lemma="853">וְ/אֶת</w><seg type="x-maqqef">־</seg><w lemma="6106">עַצְמֹֽתֵי/הֶ֖ם</w>
          <w lemma="6476">פִּצֵּ֑חוּ</w>
          <w lemma="6566">וּ/פָרְשׂוּ֙</w>
          <w lemma="834">כַּ/אֲשֶׁ֣ר</w>
          <w lemma="5518">בַּ/סִּ֔יר</w>
          <w lemma="1320">וּ/כְ/בָשָׂ֖ר</w>
          <w lemma="8432">בְּ/ת֥וֹךְ</w>
          <w lemma="7037">קַלָּֽחַת</w><seg type="x-sof-pasuq">׃</seg> 
        </verse>
        <verse osisID="Mic.3.4">
          <w lemma="227">אָ֚ז</w>
          <w lemma="2199">יִזְעֲק֣וּ</w>
          <w lemma="413">אֶל</w><seg type="x-maqqef">־</seg><w lemma="3068">יְהוָ֔ה</w>
          <w lemma="3808">וְ/לֹ֥א</w>
          <w lemma="6030">יַעֲנֶ֖ה</w>
          <w lemma="853">אוֹתָ֑/ם</w>
          <w lemma="5641">וְ/יַסְתֵּ֨ר</w>
          <w lemma="6440">פָּנָ֤י/ו</w>
          <w lemma="1992">מֵ/הֶם֙</w>
          <w lemma="6256">בָּ/עֵ֣ת</w>
          <w lemma="1931">הַ/הִ֔יא</w>
          <w lemma="834">כַּ/אֲשֶׁ֥ר</w>
          <w lemma="7489">הֵרֵ֖עוּ</w>
          <w lemma="4611">מַעַלְלֵי/הֶֽם</w><seg type="x-sof-pasuq">׃</seg> 
          <seg type="x-pe">פ</seg>
        </verse>
        <verse osisID="Mic.3.5">
          <w lemma="3541">כֹּ֚ה</w>
          <w lemma="559">אָמַ֣ר</w>
          <w lemma="3068">יְהוָ֔ה</w>
          <w lemma="5921">עַל</w><seg type="x-maqqef">־</seg><w lemma="5030">הַ/נְּבִיאִ֖ים</w>
          <w lemma="8582">הַ/מַּתְעִ֣ים</w>
          <w lemma="853">אֶת</w><seg type="x-maqqef">־</seg><w lemma="5971">עַמִּ֑/י</w>
          <w lemma="5391">הַ/נֹּשְׁכִ֤ים</w>
          <w lemma="8127">בְּ/שִׁנֵּי/הֶם֙</w>
          <w lemma="7121">וְ/קָרְא֣וּ</w>
          <w lemma="7965">שָׁל֔וֹם</w>
          <w lemma="834">וַ/אֲשֶׁר֙</w>
          <w lemma="3808">לֹא</w><seg type="x-maqqef">־</seg><w lemma="5414">יִתֵּ֣ן</w>
          <w lemma="5921">עַל</w><seg type="x-maqqef">־</seg><w lemma="6310">פִּי/הֶ֔ם</w>
          <w lemma="6942">וְ/קִדְּשׁ֥וּ</w>
          <w lemma="5921">עָלָ֖י/ו</w>
          <w lemma="4421">מִלְחָמָֽה</w><seg type="x-sof-pasuq">׃</seg> 
        </verse>
        <verse osisID="Mic.3.6">
          <w lemma="3651">לָ/כֵ֞ן</w>
          <w lemma="3915">לַ֤יְלָה</w>
          <w>לָ/כֶם֙</w>
          <w lemma="2377">מֵֽ/חָז֔וֹן</w>
          <w lemma="2821">וְ/חָשְׁכָ֥ה</w>
          <w>לָ/כֶ֖ם</w>
          <w lemma="7080">מִ/קְּסֹ֑ם</w>
          <w lemma="935">וּ/בָ֤אָה</w>
          <w lemma="8121">הַ/שֶּׁ֙מֶשׁ֙</w>
          <w lemma="5921">עַל</w><seg type="x-maqqef">־</seg><w lemma="5030">הַ/נְּבִיאִ֔ים</w>
          <w lemma="6937">וְ/קָדַ֥ר</w>
          <w lemma="5921">עֲלֵי/הֶ֖ם</w>
          <w lemma="3117">הַ/יּֽוֹם</w><seg type="x-sof-pasuq">׃</seg> 
        </verse>
        <verse osisID="Mic.3.7">
          <w lemma="954">וּ/בֹ֣שׁוּ</w>
          <note>We read or understand L differently than BHS (1983 Edition). Often this notation indicates a typographical error in BHS.</note>
          <w lemma="2374">הַ/חֹזִ֗ים</w>
          <w lemma="2659">וְ/חָֽפְרוּ֙</w>
          <w lemma="7080">הַ/קֹּ֣סְמִ֔ים</w>
          <w lemma="5844">וְ/עָט֥וּ</w>
          <w lemma="5921">עַל</w><seg type="x-maqqef">־</seg><w lemma="8222">שָׂפָ֖ם</w>
          <w lemma="3605">כֻּלָּ֑/ם</w>
          <w lemma="3588">כִּ֛י</w>
          <w lemma="369">אֵ֥ין</w>
          <w lemma="4617">מַעֲנֵ֖ה</w>
          <w lemma="430">אֱלֹהִֽים</w><seg type="x-sof-pasuq">׃</seg> 
        </verse>
        <verse osisID="Mic.3.8">
          <w lemma="199">וְ/אוּלָ֗ם</w>
          <w lemma="595">אָנֹכִ֞י</w>
          <w lemma="4390">מָלֵ֤אתִי</w>
          <w lemma="3581">כֹ֙חַ֙</w>
          <w lemma="853">אֶת</w><seg type="x-maqqef">־</seg><w lemma="7307">ר֣וּחַ</w>
          <w lemma="3068">יְהוָ֔ה</w>
          <w lemma="4941">וּ/מִשְׁפָּ֖ט</w>
          <w lemma="1369">וּ/גְבוּרָ֑ה</w>
          <w lemma="5046">לְ/הַגִּ֤יד</w>
          <w lemma="3290">לְ/יַֽעֲקֹב֙</w>
          <w lemma="6588">פִּשְׁע֔/וֹ</w>
          <w lemma="3478">וּ/לְ/יִשְׂרָאֵ֖ל</w>
          <w lemma="2403">חַטָּאתֽ/וֹ</w><seg type="x-sof-pasuq">׃</seg> 
          <seg type="x-samekh">ס</seg> 
        </verse>
        <verse osisID="Mic.3.9">
          <w lemma="8085">שִׁמְעוּ</w><seg type="x-maqqef">־</seg><w lemma="4994">נָ֣א</w>
          <w lemma="2063">זֹ֗את</w>
          <w lemma="7218">רָאשֵׁי֙</w>
          <w lemma="1004">בֵּ֣ית</w>
          <w lemma="3290">יַעֲקֹ֔ב</w>
          <w lemma="7101">וּ/קְצִינֵ֖י</w>
          <w lemma="1004">בֵּ֣ית</w>
          <w lemma="3478">יִשְׂרָאֵ֑ל</w>
          <w lemma="8581">הַֽ/מֲתַעֲבִ֣ים</w>
          <w lemma="4941">מִשְׁפָּ֔ט</w>
          <w lemma="853">וְ/אֵ֥ת</w>
          <w lemma="3605">כָּל</w><seg type="x-maqqef">־</seg><w lemma="3477">הַ/יְשָׁרָ֖ה</w>
          <w lemma="6140">יְעַקֵּֽשׁוּ</w><seg type="x-sof-pasuq">׃</seg> 
        </verse>
        <verse osisID="Mic.3.10">
          <w lemma="1129">בֹּנֶ֥ה</w>
          <w lemma="6726">צִיּ֖וֹן</w>
          <w lemma="1818">בְּ/דָמִ֑ים</w>
          <w lemma="3389">וִ/ירוּשָׁלִַ֖ם</w>
          <w lemma="5766">בְּ/עַוְלָֽה</w><seg type="x-sof-pasuq">׃</seg> 
        </verse>
        <verse osisID="Mic.3.11">
          <w lemma="7218">רָאשֶׁ֣י/הָ</w>
          <seg type="x-paseq">׀</seg> 
          <w lemma="7810">בְּ/שֹׁ֣חַד</w>
          <w lemma="8199">יִשְׁפֹּ֗טוּ</w>
          <w lemma="3548">וְ/כֹהֲנֶ֙י/הָ֙</w>
          <w lemma="4242">בִּ/מְחִ֣יר</w>
          <w lemma="3384">יוֹר֔וּ</w>
          <w lemma="5030">וּ/נְבִיאֶ֖י/הָ</w>
          <w lemma="3701">בְּ/כֶ֣סֶף</w>
          <w lemma="7080">יִקְסֹ֑מוּ</w>
          <w lemma="5921">וְ/עַל</w><seg type="x-maqqef">־</seg><w lemma="3068">יְהוָה֙</w>
          <w lemma="8172">יִשָּׁעֵ֣נוּ</w>
          <w lemma="559">לֵ/אמֹ֔ר</w>
          <w lemma="3808">הֲ/ל֤וֹא</w>
          <w lemma="3068">יְהוָה֙</w>
          <w lemma="7130">בְּ/קִרְבֵּ֔/נוּ</w>
          <w lemma="3808">לֹֽא</w><seg type="x-maqqef">־</seg><w lemma="935">תָב֥וֹא</w>
          <w lemma="5921">עָלֵ֖י/נוּ</w>
          <w lemma="7451">רָעָֽה</w><seg type="x-sof-pasuq">׃</seg> 
        </verse>
        <verse osisID="Mic.3.12">
          <w lemma="3651">לָ/כֵן֙</w>
          <w lemma="1558">בִּ/גְלַלְ/כֶ֔ם</w>
          <w lemma="6726">צִיּ֖וֹן</w>
          <w lemma="7704">שָׂדֶ֣ה</w>
          <w lemma="2790">תֵֽחָרֵ֑שׁ</w>
          <w lemma="3389">וִ/ירוּשָׁלִַ֙ם֙</w>
          <w lemma="5856">עִיִּ֣ין</w>
          <w lemma="1961">תִּֽהְיֶ֔ה</w>
          <w lemma="2022">וְ/הַ֥ר</w>
          <w lemma="1004">הַ/בַּ֖יִת</w>
          <w lemma="1116">לְ/בָמ֥וֹת</w>
          <w lemma="3293">יָֽעַר</w><seg type="x-sof-pasuq">׃</seg> 
          <seg type="x-pe">פ</seg>
        </verse>
      </chapter>
      <chapter osisID="Mic.4">
        <verse osisID="Mic.4.1">
          <w lemma="1961">וְ/הָיָ֣ה</w>
          <seg type="x-paseq">׀</seg> 
          <w lemma="319">בְּ/אַחֲרִ֣ית</w>
          <w lemma="3117">הַ/יָּמִ֗ים</w>
          <w lemma="1961">יִ֠הְיֶה</w>
          <w lemma="2022">הַ֣ר</w>
          <w lemma="1004">בֵּית</w><seg type="x-maqqef">־</seg><w lemma="3068">יְהוָ֤ה</w>
          <w lemma="3559">נָכוֹן֙</w>
          <w lemma="7218">בְּ/רֹ֣אשׁ</w>
          <w lemma="2022">הֶ/הָרִ֔ים</w>
          <w lemma="5375">וְ/נִשָּׂ֥א</w>
          <w lemma="1931">ה֖וּא</w>
          <w lemma="1389">מִ/גְּבָע֑וֹת</w>
          <w lemma="5102">וְ/נָהֲר֥וּ</w>
          <w lemma="5921">עָלָ֖י/ו</w>
          <w lemma="5971">עַמִּֽים</w><seg type="x-sof-pasuq">׃</seg> 
          <note>We read or understand L differently than BHS (1983 Edition). Often this notation indicates a typographical error in BHS.</note>
        </verse>
        <verse osisID="Mic.4.2">
          <w lemma="1980">וְֽ/הָלְכ֞וּ</w>
          <w lemma="1471">גּוֹיִ֣ם</w>
          <w lemma="7227">רַבִּ֗ים</w>
          <w lemma="559">וְ/אָֽמְרוּ֙</w>
          <w lemma="1980">לְכ֣וּ</w>
          <seg type="x-paseq">׀</seg> 
          <w lemma="5927">וְ/נַעֲלֶ֣ה</w>
          <w lemma="413">אֶל</w><seg type="x-maqqef">־</seg><w lemma="2022">הַר</w><seg type="x-maqqef">־</seg><w lemma="3068">יְהוָ֗ה</w>
          <w lemma="413">וְ/אֶל</w><seg type="x-maqqef">־</seg><w lemma="1004">בֵּית֙</w>
          <w lemma="430">אֱלֹהֵ֣י</w>
          <w lemma="3290">יַעֲקֹ֔ב</w>
          <w lemma="3384">וְ/יוֹרֵ֙/נוּ֙</w>
          <w lemma="1870">מִ/דְּרָכָ֔י/ו</w>
          <w lemma="1980">וְ/נֵלְכָ֖ה</w>
          <w lemma="734">בְּ/אֹֽרְחֹתָ֑י/ו</w>
          <w lemma="3588">כִּ֤י</w>
          <w lemma="6726">מִ/צִּיּוֹן֙</w>
          <w lemma="3318">תֵּצֵ֣א</w>
          <note>We read or understand L differently than BHS (1983 Edition). Often this notation indicates a typographical error in BHS.</note>
          <w lemma="8451">תוֹרָ֔ה</w>
          <w lemma="1697">וּ/דְבַר</w><seg type="x-maqqef">־</seg><w lemma="3068">יְהוָ֖ה</w>
          <w lemma="3389">מִ/ירוּשָׁלִָֽם</w><seg type="x-sof-pasuq">׃</seg> 
        </verse>
        <verse osisID="Mic.4.3">
          <w lemma="8199">וְ/שָׁפַ֗ט</w>
          <w lemma="996">בֵּ֚ין</w>
          <w lemma="5971">עַמִּ֣ים</w>
          <w lemma="7227">רַבִּ֔ים</w>
          <w lemma="3198">וְ/הוֹכִ֛יחַ</w>
          <w lemma="1471">לְ/גוֹיִ֥ם</w>
          <w lemma="6099">עֲצֻמִ֖ים</w>
          <w lemma="5704">עַד</w><seg type="x-maqqef">־</seg><w lemma="7350">רָח֑וֹק</w>
          <w lemma="3807">וְ/כִתְּת֨וּ</w>
          <w lemma="2719">חַרְבֹתֵי/הֶ֜ם</w>
          <w lemma="855">לְ/אִתִּ֗ים</w>
          <w lemma="2595">וַ/חֲנִיתֹֽתֵי/הֶם֙</w>
          <w lemma="4211">לְ/מַזְמֵר֔וֹת</w>
          <w lemma="3808">לֹֽא</w><seg type="x-maqqef">־</seg><w lemma="5375">יִשְׂא֞וּ</w>
          <w lemma="1471">גּ֤וֹי</w>
          <w lemma="413">אֶל</w><seg type="x-maqqef">־</seg><w lemma="1471">גּוֹי֙</w>
          <w lemma="2719">חֶ֔רֶב</w>
          <w lemma="3808">וְ/לֹא</w><seg type="x-maqqef">־</seg><w lemma="3925">יִלְמְד֥וּ/ן</w>
          <w lemma="5750">ע֖וֹד</w>
          <w lemma="4421">מִלְחָמָֽה</w><seg type="x-sof-pasuq">׃</seg> 
        </verse>
        <verse osisID="Mic.4.4">
          <w lemma="3427">וְ/יָשְׁב֗וּ</w>
          <w lemma="376">אִ֣ישׁ</w>
          <w lemma="8478">תַּ֧חַת</w>
          <w lemma="1612">גַּפְנ֛/וֹ</w>
          <w lemma="8478">וְ/תַ֥חַת</w>
          <w lemma="8384">תְּאֵנָת֖/וֹ</w>
          <w lemma="369">וְ/אֵ֣ין</w>
          <w lemma="2729">מַחֲרִ֑יד</w>
          <w lemma="3588">כִּי</w><seg type="x-maqqef">־</seg><w lemma="6310">פִ֛י</w>
          <w lemma="3068">יְהוָ֥ה</w>
          <w lemma="6635">צְבָא֖וֹת</w>
          <w lemma="1696">דִּבֵּֽר</w><seg type="x-sof-pasuq">׃</seg> 
        </verse>
        <verse osisID="Mic.4.5">
          <w lemma="3588">כִּ֚י</w>
          <w lemma="3605">כָּל</w><seg type="x-maqqef">־</seg><w lemma="5971">הָ֣/עַמִּ֔ים</w>
          <w lemma="1980">יֵלְכ֕וּ</w>
          <w lemma="376">אִ֖ישׁ</w>
          <w lemma="8034">בְּ/שֵׁ֣ם</w>
          <w lemma="430">אֱלֹהָ֑י/ו</w>
          <w lemma="587">וַ/אֲנַ֗חְנוּ</w>
          <w lemma="1980">נֵלֵ֛ךְ</w>
          <w lemma="8034">בְּ/שֵׁם</w><seg type="x-maqqef">־</seg><w lemma="3068">יְהוָ֥ה</w>
          <w lemma="430">אֱלֹהֵ֖י/נוּ</w>
          <w lemma="5769">לְ/עוֹלָ֥ם</w>
          <w lemma="5703">וָ/עֶֽד</w><seg type="x-sof-pasuq">׃</seg> 
          <seg type="x-pe">פ</seg>
        </verse>
        <verse osisID="Mic.4.6">
          <w lemma="3117">בַּ/יּ֨וֹם</w>
          <w lemma="1931">הַ/ה֜וּא</w>
          <w lemma="5002">נְאֻם</w><seg type="x-maqqef">־</seg><w lemma="3068">יְהוָ֗ה</w>
          <w lemma="622">אֹֽסְפָה֙</w>
          <w lemma="6760">הַ/צֹּ֣לֵעָ֔ה</w>
          <w lemma="5080">וְ/הַ/נִּדָּחָ֖ה</w>
          <w lemma="6908">אֲקַבֵּ֑צָה</w>
          <w lemma="834">וַ/אֲשֶׁ֖ר</w>
          <w lemma="7489">הֲרֵעֹֽתִי</w><seg type="x-sof-pasuq">׃</seg> 
        </verse>
        <verse osisID="Mic.4.7">
          <w lemma="7760">וְ/שַׂמְתִּ֤י</w>
          <w lemma="853">אֶת</w><seg type="x-maqqef">־</seg><w lemma="6760">הַ/צֹּֽלֵעָה֙</w>
          <w lemma="7611">לִ/שְׁאֵרִ֔ית</w>
          <w lemma="1972">וְ/הַ/נַּהֲלָאָ֖ה</w>
          <w lemma="1471">לְ/ג֣וֹי</w>
          <w lemma="6099">עָצ֑וּם</w>
          <w lemma="4427">וּ/מָלַ֨ךְ</w>
          <w lemma="3068">יְהוָ֤ה</w>
          <w lemma="5921">עֲלֵי/הֶם֙</w>
          <w lemma="2022">בְּ/הַ֣ר</w>
          <w lemma="6726">צִיּ֔וֹן</w>
          <w lemma="6258">מֵ/עַתָּ֖ה</w>
          <w lemma="5704">וְ/עַד</w><seg type="x-maqqef">־</seg><w lemma="5769">עוֹלָֽם</w><seg type="x-sof-pasuq">׃</seg> 
          <seg type="x-pe">פ</seg>
        </verse>
        <verse osisID="Mic.4.8">
          <w lemma="859">וְ/אַתָּ֣ה</w>
          <w lemma="4026">מִגְדַּל</w><seg type="x-maqqef">־</seg><w lemma="5739">עֵ֗דֶר</w>
          <w lemma="6076">עֹ֛פֶל</w>
          <w lemma="1323">בַּת</w><seg type="x-maqqef">־</seg><w lemma="6726">צִיּ֖וֹן</w>
          <w lemma="5704">עָדֶ֣י/ךָ</w>
          <w lemma="857">תֵּאתֶ֑ה</w>
          <w lemma="935">וּ/בָאָ֗ה</w>
          <w lemma="4475">הַ/מֶּמְשָׁלָה֙</w>
          <w lemma="7223">הָ/רִ֣אשֹׁנָ֔ה</w>
          <w lemma="4467">מַמְלֶ֖כֶת</w>
          <w lemma="1323">לְ/בַ֥ת</w><seg type="x-maqqef">־</seg><w lemma="3389">יְרוּשָׁלִָֽם</w><seg type="x-sof-pasuq">׃</seg> 
        </verse>
        <verse osisID="Mic.4.9">
          <w lemma="6258">עַתָּ֕ה</w>
          <w lemma="4100">לָ֥/מָּה</w>
          <w lemma="7321">תָרִ֖יעִי</w>
          <w lemma="7452">רֵ֑עַ</w>
          <w lemma="4428">הֲ/מֶ֣לֶךְ</w>
          <w lemma="369">אֵֽין</w><seg type="x-maqqef">־</seg><w>בָּ֗/ךְ</w>
          <w lemma="518">אִֽם</w><seg type="x-maqqef">־</seg><w lemma="3289">יוֹעֲצֵ/ךְ֙</w>
          <w lemma="6">אָבָ֔ד</w>
          <w lemma="3588">כִּֽי</w><seg type="x-maqqef">־</seg><w lemma="2388">הֶחֱזִיקֵ֥/ךְ</w>
          <w lemma="2427">חִ֖יל</w>
          <w lemma="3205">כַּ/יּוֹלֵדָֽה</w><seg type="x-sof-pasuq">׃</seg> 
        </verse>
        <verse osisID="Mic.4.10">
          <w lemma="2342">ח֧וּלִי</w>
          <w lemma="1518">וָ/גֹ֛חִי</w>
          <w lemma="1323">בַּת</w><seg type="x-maqqef">־</seg><w lemma="6726">צִיּ֖וֹן</w>
          <w lemma="3205">כַּ/יּֽוֹלֵדָ֑ה</w>
          <w lemma="3588">כִּֽי</w><seg type="x-maqqef">־</seg><w lemma="6258">עַתָּה֩</w>
          <w lemma="3318">תֵצְאִ֨י</w>
          <w lemma="7151">מִ/קִּרְיָ֜ה</w>
          <w lemma="7931">וְ/שָׁכַ֣נְתְּ</w>
          <w lemma="7704">בַּ/שָּׂדֶ֗ה</w>
          <w lemma="935">וּ/בָ֤את</w>
          <w lemma="5704">עַד</w><seg type="x-maqqef">־</seg><w lemma="894">בָּבֶל֙</w>
          <w lemma="8033">שָׁ֣ם</w>
          <w lemma="5337">תִּנָּצֵ֔לִי</w>
          <w lemma="8033">שָׁ֚ם</w>
          <w lemma="1350">יִגְאָלֵ֣/ךְ</w>
          <w lemma="3068">יְהוָ֔ה</w>
          <w lemma="3709">מִ/כַּ֖ף</w>
          <w lemma="341">אֹיְבָֽיִ/ךְ</w><seg type="x-sof-pasuq">׃</seg> 
        </verse>
        <verse osisID="Mic.4.11">
          <w lemma="6258">וְ/עַתָּ֛ה</w>
          <w lemma="622">נֶאֶסְפ֥וּ</w>
          <w lemma="5921">עָלַ֖יִ/ךְ</w>
          <w lemma="1471">גּוֹיִ֣ם</w>
          <w lemma="7227">רַבִּ֑ים</w>
          <w lemma="559">הָ/אֹמְרִ֣ים</w>
          <w lemma="2610">תֶּחֱנָ֔ף</w>
          <w lemma="2372">וְ/תַ֥חַז</w>
          <w lemma="6726">בְּ/צִיּ֖וֹן</w>
          <w lemma="5869">עֵינֵֽי/נוּ</w><seg type="x-sof-pasuq">׃</seg> 
        </verse>
        <verse osisID="Mic.4.12">
          <w lemma="1992">וְ/הֵ֗מָּה</w>
          <w lemma="3808">לֹ֤א</w>
          <w lemma="3045">יָֽדְעוּ֙</w>
          <w lemma="4284">מַחְשְׁב֣וֹת</w>
          <w lemma="3068">יְהוָ֔ה</w>
          <w lemma="3808">וְ/לֹ֥א</w>
          <w lemma="995">הֵבִ֖ינוּ</w>
          <w lemma="6098">עֲצָת֑/וֹ</w>
          <w lemma="3588">כִּ֥י</w>
          <w lemma="6908">קִבְּצָ֖/ם</w>
          <w lemma="5995">כֶּ/עָמִ֥יר</w>
          <w lemma="1637">גֹּֽרְנָ/ה</w><seg type="x-sof-pasuq">׃</seg> 
        </verse>
        <verse osisID="Mic.4.13">
          <w lemma="6965">ק֧וּמִי</w>
          <w lemma="1758">וָ/ד֣וֹשִׁי</w>
          <w lemma="1323">בַת</w><seg type="x-maqqef">־</seg><w lemma="6726">צִיּ֗וֹן</w>
          <w lemma="3588">כִּֽי</w><seg type="x-maqqef">־</seg><w lemma="7161">קַרְנֵ֞/ךְ</w>
          <w lemma="7760">אָשִׂ֤ים</w>
          <w lemma="1270">בַּרְזֶל֙</w>
          <w lemma="6541">וּ/פַרְסֹתַ֙יִ/ךְ֙</w>
          <w lemma="7760">אָשִׂ֣ים</w>
          <w lemma="5154">נְחוּשָׁ֔ה</w>
          <w lemma="1854">וַ/הֲדִקּ֖וֹת</w>
          <w lemma="5971">עַמִּ֣ים</w>
          <w lemma="7227">רַבִּ֑ים</w>
          <w lemma="2763">וְ/הַחֲרַמְתִּ֤י</w>
          <w lemma="3068">לַֽ/יהוָה֙</w>
          <w lemma="1214">בִּצְעָ֔/ם</w>
          <w lemma="2428">וְ/חֵילָ֖/ם</w>
          <w lemma="113">לַ/אֲד֥וֹן</w>
          <w lemma="3605">כָּל</w><seg type="x-maqqef">־</seg><w lemma="776">הָ/אָֽרֶץ</w><seg type="x-sof-pasuq">׃</seg> 
        </verse>
        <verse osisID="Mic.4.14">
          <note>BHS:Mic.5.1</note>
          <w lemma="6258">עַתָּה֙</w>
          <w lemma="1413">תִּתְגֹּדְדִ֣י</w>
          <w lemma="1323">בַת</w><seg type="x-maqqef">־</seg><w lemma="1416">גְּד֔וּד</w>
          <w lemma="4692">מָצ֖וֹר</w>
          <w lemma="7760">שָׂ֣ם</w>
          <w lemma="5921">עָלֵ֑י/נוּ</w>
          <w lemma="7626">בַּ/שֵּׁ֙בֶט֙</w>
          <w lemma="5221">יַכּ֣וּ</w>
          <w lemma="5921">עַֽל</w><seg type="x-maqqef">־</seg><w lemma="3895">הַ/לְּחִ֔י</w>
          <w lemma="853">אֵ֖ת</w>
          <w lemma="8199">שֹׁפֵ֥ט</w>
          <w lemma="3478">יִשְׂרָאֵֽל</w><seg type="x-sof-pasuq">׃</seg> 
          <seg type="x-samekh">ס</seg> 
        </verse>
      </chapter>
      <chapter osisID="Mic.5">
        <verse osisID="Mic.5.1">
          <note>BHS:Mic.5.2</note>
          <w lemma="859">וְ/אַתָּ֞ה</w>
          <w>בֵּֽית</w><seg type="x-maqqef">־</seg><w lemma="1035">לֶ֣חֶם</w>
          <w lemma="672">אֶפְרָ֗תָה</w>
          <w lemma="6810">צָעִיר֙</w>
          <w lemma="1961">לִֽ/הְיוֹת֙</w>
          <w lemma="505">בְּ/אַלְפֵ֣י</w>
          <w lemma="3063">יְהוּדָ֔ה</w>
          <w lemma="4480">מִמְּ/ךָ֙</w>
          <w>לִ֣/י</w>
          <w lemma="3318">יֵצֵ֔א</w>
          <w lemma="1961">לִֽ/הְי֥וֹת</w>
          <w lemma="4910">מוֹשֵׁ֖ל</w>
          <w lemma="3478">בְּ/יִשְׂרָאֵ֑ל</w>
          <w lemma="4163">וּ/מוֹצָאֹתָ֥י/ו</w>
          <w lemma="6924">מִ/קֶּ֖דֶם</w>
          <w lemma="3117">מִ/ימֵ֥י</w>
          <w lemma="5769">עוֹלָֽם</w><seg type="x-sof-pasuq">׃</seg> 
        </verse>
        <verse osisID="Mic.5.2">
          <note>BHS:Mic.5.3</note>
          <w lemma="3651">לָ/כֵ֣ן</w>
          <w lemma="5414">יִתְּנֵ֔/ם</w>
          <w lemma="5704">עַד</w><seg type="x-maqqef">־</seg><w lemma="6256">עֵ֥ת</w>
          <w lemma="3205">יוֹלֵדָ֖ה</w>
          <w lemma="3205">יָלָ֑דָה</w>
          <w lemma="3499">וְ/יֶ֣תֶר</w>
          <w lemma="251">אֶחָ֔י/ו</w>
          <w lemma="7725">יְשׁוּב֖וּ/ן</w>
          <w lemma="5921">עַל</w><seg type="x-maqqef">־</seg><w lemma="1121">בְּנֵ֥י</w>
          <w lemma="3478">יִשְׂרָאֵֽל</w><seg type="x-sof-pasuq">׃</seg> 
        </verse>
        <verse osisID="Mic.5.3">
          <note>BHS:Mic.5.4</note>
          <w lemma="5975">וְ/עָמַ֗ד</w>
          <w lemma="7462">וְ/רָעָה֙</w>
          <w lemma="5797">בְּ/עֹ֣ז</w>
          <w lemma="3068">יְהוָ֔ה</w>
          <w lemma="1347">בִּ/גְא֕וֹן</w>
          <w lemma="8034">שֵׁ֖ם</w>
          <w lemma="3068">יְהוָ֣ה</w>
          <w lemma="430">אֱלֹהָ֑י/ו</w>
          <w lemma="3427">וְ/יָשָׁ֕בוּ</w>
          <w lemma="3588">כִּֽי</w><seg type="x-maqqef">־</seg><w lemma="6258">עַתָּ֥ה</w>
          <w lemma="1431">יִגְדַּ֖ל</w>
          <w lemma="5704">עַד</w><seg type="x-maqqef">־</seg><w lemma="657">אַפְסֵי</w><seg type="x-maqqef">־</seg><w lemma="776">אָֽרֶץ</w><seg type="x-sof-pasuq">׃</seg> 
        </verse>
        <verse osisID="Mic.5.4">
          <note>BHS:Mic.5.5</note>
          <w lemma="1961">וְ/הָיָ֥ה</w>
          <w lemma="2088">זֶ֖ה</w>
          <w lemma="7965">שָׁל֑וֹם</w>
          <w lemma="804">אַשּׁ֣וּר</w>
          <seg type="x-paseq">׀</seg> 
          <w lemma="3588">כִּֽי</w><seg type="x-maqqef">־</seg><w lemma="935">יָב֣וֹא</w>
          <w lemma="776">בְ/אַרְצֵ֗/נוּ</w>
          <w lemma="3588">וְ/כִ֤י</w>
          <w lemma="1869">יִדְרֹךְ֙</w>
          <w lemma="759">בְּ/אַרְמְנֹתֵ֔י/נוּ</w>
          <w lemma="6965">וַ/הֲקֵמֹ֤נוּ</w>
          <w lemma="5921">עָלָי/ו֙</w>
          <w lemma="7651">שִׁבְעָ֣ה</w>
          <w lemma="7462">רֹעִ֔ים</w>
          <w lemma="8083">וּ/שְׁמֹנָ֖ה</w>
          <w lemma="5257">נְסִיכֵ֥י</w>
          <w lemma="120">אָדָֽם</w><seg type="x-sof-pasuq">׃</seg> 
        </verse>
        <verse osisID="Mic.5.5">
          <note>BHS:Mic.5.6</note>
          <w lemma="7489">וְ/רָע֞וּ</w>
          <w lemma="853">אֶת</w><seg type="x-maqqef">־</seg><w lemma="776">אֶ֤רֶץ</w>
          <w lemma="804">אַשּׁוּר֙</w>
          <w lemma="2719">בַּ/חֶ֔רֶב</w>
          <w lemma="853">וְ/אֶת</w><seg type="x-maqqef">־</seg><w lemma="776">אֶ֥רֶץ</w>
          <w lemma="5248">נִמְרֹ֖ד</w>
          <w lemma="6607">בִּ/פְתָחֶ֑י/הָ</w>
          <w lemma="5337">וְ/הִצִּיל֙</w>
          <w lemma="804">מֵֽ/אַשּׁ֔וּר</w>
          <w lemma="3588">כִּֽי</w><seg type="x-maqqef">־</seg><w lemma="935">יָב֣וֹא</w>
          <w lemma="776">בְ/אַרְצֵ֔/נוּ</w>
          <w lemma="3588">וְ/כִ֥י</w>
          <w lemma="1869">יִדְרֹ֖ךְ</w>
          <w lemma="1366">בִּ/גְבוּלֵֽ/נוּ</w><seg type="x-sof-pasuq">׃</seg> 
          <seg type="x-samekh">ס</seg> 
        </verse>
        <verse osisID="Mic.5.6">
          <note>BHS:Mic.5.7</note>
          <w lemma="1961">וְ/הָיָ֣ה</w>
          <seg type="x-paseq">׀</seg> 
          <w lemma="7611">שְׁאֵרִ֣ית</w>
          <w lemma="3290">יַעֲקֹ֗ב</w>
          <w lemma="7130">בְּ/קֶ֙רֶב֙</w>
          <w lemma="5971">עַמִּ֣ים</w>
          <w lemma="7227">רַבִּ֔ים</w>
          <w lemma="2919">כְּ/טַל֙</w>
          <w lemma="853">מֵ/אֵ֣ת</w>
          <w lemma="3068">יְהוָ֔ה</w>
          <w lemma="7241">כִּ/רְבִיבִ֖ים</w>
          <w lemma="5921">עֲלֵי</w><seg type="x-maqqef">־</seg><w lemma="6212">עֵ֑שֶׂב</w>
          <w lemma="834">אֲשֶׁ֤ר</w>
          <w lemma="3808">לֹֽא</w><seg type="x-maqqef">־</seg><w lemma="6960">יְקַוֶּה֙</w>
          <w lemma="376">לְ/אִ֔ישׁ</w>
          <w lemma="3808">וְ/לֹ֥א</w>
          <w lemma="3176">יְיַחֵ֖ל</w>
          <w lemma="1121">לִ/בְנֵ֥י</w>
          <w lemma="120">אָדָֽם</w><seg type="x-sof-pasuq">׃</seg> 
        </verse>
        <verse osisID="Mic.5.7">
          <note>BHS:Mic.5.8</note>
          <w lemma="1961">וְ/הָיָה֩</w>
          <w lemma="7611">שְׁאֵרִ֨ית</w>
          <w lemma="3290">יַעֲקֹ֜ב</w>
          <w lemma="1471">בַּ/גּוֹיִ֗ם</w>
          <w lemma="7130">בְּ/קֶ֙רֶב֙</w>
          <w lemma="5971">עַמִּ֣ים</w>
          <w lemma="7227">רַבִּ֔ים</w>
          <w lemma="738">כְּ/אַרְיֵה֙</w>
          <w lemma="929">בְּ/בַהֲמ֣וֹת</w>
          <w lemma="3293">יַ֔עַר</w>
          <w lemma="3715">כִּ/כְפִ֖יר</w>
          <w lemma="5739">בְּ/עֶדְרֵי</w><seg type="x-maqqef">־</seg><w lemma="6629">צֹ֑אן</w>
          <w lemma="834">אֲשֶׁ֧ר</w>
          <w lemma="518">אִם</w>
          <w lemma="5674">עָבַ֛ר</w>
          <w lemma="7429">וְ/רָמַ֥ס</w>
          <w lemma="2963">וְ/טָרַ֖ף</w>
          <w lemma="369">וְ/אֵ֥ין</w>
          <w lemma="5337">מַצִּֽיל</w><seg type="x-sof-pasuq">׃</seg> 
        </verse>
        <verse osisID="Mic.5.8">
          <note>BHS:Mic.5.9</note>
          <w lemma="7311">תָּרֹ֥ם</w>
          <w lemma="3027">יָדְ/ךָ֖</w>
          <w lemma="5921">עַל</w><seg type="x-maqqef">־</seg><w lemma="6862">צָרֶ֑י/ךָ</w>
          <w lemma="3605">וְ/כָל</w><seg type="x-maqqef">־</seg><w lemma="341">אֹיְבֶ֖י/ךָ</w>
          <w lemma="3772">יִכָּרֵֽתוּ</w><seg type="x-sof-pasuq">׃</seg> 
          <seg type="x-pe">פ</seg>
        </verse>
        <verse osisID="Mic.5.9">
          <note>BHS:Mic.5.10</note>
          <w lemma="1961">וְ/הָיָ֤ה</w>
          <w lemma="3117">בַ/יּוֹם</w><seg type="x-maqqef">־</seg><w lemma="1931">הַ/הוּא֙</w>
          <w lemma="5002">נְאֻם</w><seg type="x-maqqef">־</seg><w lemma="3068">יְהוָ֔ה</w>
          <w lemma="3772">וְ/הִכְרַתִּ֥י</w>
          <w lemma="5483">סוּסֶ֖י/ךָ</w>
          <w lemma="7130">מִ/קִּרְבֶּ֑/ךָ</w>
          <w lemma="6">וְ/הַאֲבַדְתִּ֖י</w>
          <w lemma="4818">מַרְכְּבֹתֶֽי/ךָ</w><seg type="x-sof-pasuq">׃</seg> 
        </verse>
        <verse osisID="Mic.5.10">
          <note>BHS:Mic.5.11</note>
          <w lemma="3772">וְ/הִכְרַתִּ֖י</w>
          <w lemma="5892">עָרֵ֣י</w>
          <w lemma="776">אַרְצֶ֑/ךָ</w>
          <w lemma="2040">וְ/הָרַסְתִּ֖י</w>
          <w lemma="3605">כָּל</w><seg type="x-maqqef">־</seg><w lemma="4013">מִבְצָרֶֽי/ךָ</w><seg type="x-sof-pasuq">׃</seg> 
        </verse>
        <verse osisID="Mic.5.11">
          <note>BHS:Mic.5.12</note>
          <w lemma="3772">וְ/הִכְרַתִּ֥י</w>
          <w lemma="3785">כְשָׁפִ֖ים</w>
          <w lemma="3027">מִ/יָּדֶ֑/ךָ</w>
          <w lemma="6049">וּֽ/מְעוֹנְנִ֖ים</w>
          <w lemma="3808">לֹ֥א</w>
          <w lemma="1961">יִֽהְיוּ</w><seg type="x-maqqef">־</seg><w>לָֽ/ךְ</w><seg type="x-sof-pasuq">׃</seg> 
        </verse>
        <verse osisID="Mic.5.12">
          <note>BHS:Mic.5.13</note>
          <w lemma="3772">וְ/הִכְרַתִּ֧י</w>
          <w lemma="6456">פְסִילֶ֛י/ךָ</w>
          <w lemma="4676">וּ/מַצֵּבוֹתֶ֖י/ךָ</w>
          <w lemma="7130">מִ/קִּרְבֶּ֑/ךָ</w>
          <w lemma="3808">וְ/לֹֽא</w><seg type="x-maqqef">־</seg><w lemma="7812">תִשְׁתַּחֲוֶ֥ה</w>
          <w lemma="5750">ע֖וֹד</w>
          <w lemma="4639">לְ/מַעֲשֵׂ֥ה</w>
          <w lemma="3027">יָדֶֽי/ךָ</w><seg type="x-sof-pasuq">׃</seg> 
        </verse>
        <verse osisID="Mic.5.13">
          <note>BHS:Mic.5.14</note>
          <w lemma="5428">וְ/נָתַשְׁתִּ֥י</w>
          <w lemma="842">אֲשֵׁירֶ֖י/ךָ</w>
          <w lemma="7130">מִ/קִּרְבֶּ֑/ךָ</w>
          <w lemma="8045">וְ/הִשְׁמַדְתִּ֖י</w>
          <w lemma="5892">עָרֶֽי/ךָ</w><seg type="x-sof-pasuq">׃</seg> 
        </verse>
        <verse osisID="Mic.5.14">
          <note>BHS:Mic.5.15</note>
          <w lemma="6213">וְ/עָשִׂ֜יתִי</w>
          <w lemma="639">בְּ/אַ֧ף</w>
          <w lemma="2534">וּ/בְ/חֵמָ֛ה</w>
          <w lemma="5359">נָקָ֖ם</w>
          <w lemma="853">אֶת</w><seg type="x-maqqef">־</seg><w lemma="1471">הַ/גּוֹיִ֑ם</w>
          <w lemma="834">אֲשֶׁ֖ר</w>
          <w lemma="3808">לֹ֥א</w>
          <w lemma="8085">שָׁמֵֽעוּ</w><seg type="x-sof-pasuq">׃</seg> 
          <seg type="x-samekh">ס</seg> 
        </verse>
      </chapter>
      <chapter osisID="Mic.6">
        <verse osisID="Mic.6.1">
          <w lemma="8085">שִׁמְעוּ</w><seg type="x-maqqef">־</seg><w lemma="4994">נָ֕א</w>
          <w lemma="853">אֵ֥ת</w>
          <w lemma="834">אֲשֶׁר</w><seg type="x-maqqef">־</seg><w lemma="3068">יְהוָ֖ה</w>
          <w lemma="559">אֹמֵ֑ר</w>
          <w lemma="6965">ק֚וּם</w>
          <w lemma="7378">רִ֣יב</w>
          <w lemma="854">אֶת</w><seg type="x-maqqef">־</seg><w lemma="2022">הֶ/הָרִ֔ים</w>
          <w lemma="8085">וְ/תִשְׁמַ֥עְנָה</w>
          <w lemma="1389">הַ/גְּבָע֖וֹת</w>
          <w lemma="6963">קוֹלֶֽ/ךָ</w><seg type="x-sof-pasuq">׃</seg> 
        </verse>
        <verse osisID="Mic.6.2">
          <w lemma="8085">שִׁמְע֤וּ</w>
          <w lemma="2022">הָרִים֙</w>
          <w lemma="853">אֶת</w><seg type="x-maqqef">־</seg><w lemma="7379">רִ֣יב</w>
          <w lemma="3068">יְהוָ֔ה</w>
          <w lemma="386">וְ/הָ/אֵתָנִ֖ים</w>
          <w lemma="4146">מֹ֣סְדֵי</w>
          <w lemma="776">אָ֑רֶץ</w>
          <w lemma="3588">כִּ֣י</w>
          <w lemma="7379">רִ֤יב</w>
          <w lemma="3068">לַֽ/יהוָה֙</w>
          <w lemma="5973">עִם</w><seg type="x-maqqef">־</seg><w lemma="5971">עַמּ֔/וֹ</w>
          <w lemma="5973">וְ/עִם</w><seg type="x-maqqef">־</seg><w lemma="3478">יִשְׂרָאֵ֖ל</w>
          <w lemma="3198">יִתְוַכָּֽח</w><seg type="x-sof-pasuq">׃</seg> 
        </verse>
        <verse osisID="Mic.6.3">
          <w lemma="5971">עַמִּ֛/י</w>
          <w lemma="4100">מֶה</w><seg type="x-maqqef">־</seg><w lemma="6213">עָשִׂ֥יתִי</w>
          <w>לְ/ךָ֖</w>
          <w lemma="4100">וּ/מָ֣ה</w>
          <w lemma="3811">הֶלְאֵתִ֑י/ךָ</w>
          <w lemma="6030">עֲנֵ֥ה</w>
          <w>בִֽ/י</w><seg type="x-sof-pasuq">׃</seg> 
        </verse>
        <verse osisID="Mic.6.4">
          <w lemma="3588">כִּ֤י</w>
          <w lemma="5927">הֶעֱלִתִ֙י/ךָ֙</w>
          <w lemma="776">מֵ/אֶ֣רֶץ</w>
          <w lemma="4714">מִצְרַ֔יִם</w>
          <w lemma="1004">וּ/מִ/בֵּ֥ית</w>
          <w lemma="5650">עֲבָדִ֖ים</w>
          <w lemma="6299">פְּדִיתִ֑י/ךָ</w>
          <w lemma="7971">וָ/אֶשְׁלַ֣ח</w>
          <w lemma="6440">לְ/פָנֶ֔י/ךָ</w>
          <w lemma="853">אֶת</w><seg type="x-maqqef">־</seg><w lemma="4872">מֹשֶׁ֖ה</w>
          <w lemma="175">אַהֲרֹ֥ן</w>
          <w lemma="4813">וּ/מִרְיָֽם</w><seg type="x-sof-pasuq">׃</seg> 
        </verse>
        <verse osisID="Mic.6.5">
          <w lemma="5971">עַמִּ֗/י</w>
          <w lemma="2142">זְכָר</w><seg type="x-maqqef">־</seg><w lemma="4994">נָא֙</w>
          <w lemma="4100">מַה</w><seg type="x-maqqef">־</seg><w lemma="3289">יָּעַ֗ץ</w>
          <w lemma="1111">בָּלָק֙</w>
          <w lemma="4428">מֶ֣לֶךְ</w>
          <w lemma="4124">מוֹאָ֔ב</w>
          <w lemma="4100">וּ/מֶה</w><seg type="x-maqqef">־</seg><w lemma="6030">עָנָ֥ה</w>
          <w lemma="853">אֹת֖/וֹ</w>
          <w lemma="1109">בִּלְעָ֣ם</w>
          <w lemma="1121">בֶּן</w><seg type="x-maqqef">־</seg><w lemma="1160">בְּע֑וֹר</w>
          <w lemma="4480">מִן</w><seg type="x-maqqef">־</seg><w lemma="7851">הַ/שִּׁטִּים֙</w>
          <w lemma="5704">עַד</w><seg type="x-maqqef">־</seg><w lemma="1537">הַ/גִּלְגָּ֔ל</w>
          <w lemma="4616">לְמַ֕עַן</w>
          <w lemma="3045">דַּ֖עַת</w>
          <w lemma="6666">צִדְק֥וֹת</w>
          <w lemma="3068">יְהוָֽה</w><seg type="x-sof-pasuq">׃</seg> 
        </verse>
        <verse osisID="Mic.6.6">
          <w lemma="4100">בַּ/מָּה֙</w>
          <w lemma="6923">אֲקַדֵּ֣ם</w>
          <w lemma="3068">יְהוָ֔ה</w>
          <w lemma="3721">אִכַּ֖ף</w>
          <w lemma="430">לֵ/אלֹהֵ֣י</w>
          <w lemma="4791">מָר֑וֹם</w>
          <w lemma="6923">הַ/אֲקַדְּמֶ֣/נּוּ</w>
          <w lemma="5930">בְ/עוֹל֔וֹת</w>
          <w lemma="5695">בַּ/עֲגָלִ֖ים</w>
          <w lemma="1121">בְּנֵ֥י</w>
          <w lemma="8141">שָׁנָֽה</w><seg type="x-sof-pasuq">׃</seg> 
        </verse>
        <verse osisID="Mic.6.7">
          <w lemma="7521">הֲ/יִרְצֶ֤ה</w>
          <w lemma="3068">יְהוָה֙</w>
          <w lemma="505">בְּ/אַלְפֵ֣י</w>
          <w lemma="352">אֵילִ֔ים</w>
          <w lemma="7233">בְּ/רִֽבְב֖וֹת</w>
          <w lemma="5158">נַֽחֲלֵי</w><seg type="x-maqqef">־</seg><w lemma="8081">שָׁ֑מֶן</w>
          <w lemma="5414">הַ/אֶתֵּ֤ן</w>
          <w lemma="1060">בְּכוֹרִ/י֙</w>
          <w lemma="6588">פִּשְׁעִ֔/י</w>
          <w lemma="6529">פְּרִ֥י</w>
          <w lemma="990">בִטְנִ֖/י</w>
          <w lemma="2403">חַטַּ֥את</w>
          <w lemma="5315">נַפְשִֽׁ/י</w><seg type="x-sof-pasuq">׃</seg> 
        </verse>
        <verse osisID="Mic.6.8">
          <w lemma="5046">הִגִּ֥יד</w>
          <w>לְ/ךָ֛</w>
          <w lemma="120">אָדָ֖ם</w>
          <w lemma="4100">מַה</w><seg type="x-maqqef">־</seg><w lemma="2896">טּ֑וֹב</w>
          <w lemma="4100">וּ/מָֽה</w><seg type="x-maqqef">־</seg><w lemma="3068">יְהוָ֞ה</w>
          <w lemma="1875">דּוֹרֵ֣שׁ</w>
          <w lemma="4480">מִמְּ/ךָ֗</w>
          <w lemma="3588">כִּ֣י</w>
          <w lemma="518">אִם</w><seg type="x-maqqef">־</seg><w lemma="6213">עֲשׂ֤וֹת</w>
          <w lemma="4941">מִשְׁפָּט֙</w>
          <w lemma="160">וְ/אַ֣הֲבַת</w>
          <w lemma="2617">חֶ֔סֶד</w>
          <w lemma="6800">וְ/הַצְנֵ֥עַ</w>
          <w lemma="1980">לֶ֖כֶת</w>
          <w lemma="5973">עִם</w><seg type="x-maqqef">־</seg><w lemma="430">אֱלֹהֶֽי/ךָ</w><seg type="x-sof-pasuq">׃</seg> 
          <seg type="x-pe">פ</seg>
        </verse>
        <verse osisID="Mic.6.9">
          <w lemma="6963">ק֤וֹל</w>
          <w lemma="3068">יְהוָה֙</w>
          <w lemma="5892">לָ/עִ֣יר</w>
          <w lemma="7121">יִקְרָ֔א</w>
          <w lemma="8454">וְ/תוּשִׁיָּ֖ה</w>
          <w lemma="3372">יִרְאֶ֣ה</w>
          <w lemma="8034">שְׁמֶ֑/ךָ</w>
          <w lemma="8085">שִׁמְע֥וּ</w>
          <w lemma="4294">מַטֶּ֖ה</w>
          <w lemma="4310">וּ/מִ֥י</w>
          <w lemma="3259">יְעָדָֽ/הּ</w><seg type="x-sof-pasuq">׃</seg> 
        </verse>
        <verse osisID="Mic.6.10">
          <w lemma="5750">ע֗וֹד</w>
          <w lemma="784">הַ/אִשׁ֙</w>
          <w lemma="1004">בֵּ֣ית</w>
          <w lemma="7563">רָשָׁ֔ע</w>
          <w lemma="214">אֹצְר֖וֹת</w>
          <w lemma="7562">רֶ֑שַׁע</w>
          <w lemma="374">וְ/אֵיפַ֥ת</w>
          <w lemma="7332">רָז֖וֹן</w>
          <w lemma="2194">זְעוּמָֽה</w><seg type="x-sof-pasuq">׃</seg> 
        </verse>
        <verse osisID="Mic.6.11">
          <w lemma="2135">הַ/אֶזְכֶּ֖ה</w>
          <w lemma="3976">בְּ/מֹ֣אזְנֵי</w>
          <w lemma="7562">רֶ֑שַׁע</w>
          <w lemma="3599">וּ/בְ/כִ֖יס</w>
          <w lemma="68">אַבְנֵ֥י</w>
          <w lemma="4820">מִרְמָֽה</w><seg type="x-sof-pasuq">׃</seg> 
        </verse>
        <verse osisID="Mic.6.12">
          <w lemma="834">אֲשֶׁ֤ר</w>
          <w lemma="6223">עֲשִׁירֶ֙י/הָ֙</w>
          <w lemma="4390">מָלְא֣וּ</w>
          <w lemma="2555">חָמָ֔ס</w>
          <w lemma="3427">וְ/יֹשְׁבֶ֖י/הָ</w>
          <w lemma="1696">דִּבְּרוּ</w><seg type="x-maqqef">־</seg><w lemma="8267">שָׁ֑קֶר</w>
          <w lemma="3956">וּ/לְשׁוֹנָ֖/ם</w>
          <w lemma="7423">רְמִיָּ֥ה</w>
          <w lemma="6310">בְּ/פִי/הֶֽם</w><seg type="x-sof-pasuq">׃</seg> 
        </verse>
        <verse osisID="Mic.6.13">
          <w lemma="1571">וְ/גַם</w><seg type="x-maqqef">־</seg><w lemma="589">אֲנִ֖י</w>
          <w lemma="2470">הֶחֱלֵ֣יתִי</w>
          <w lemma="5221">הַכּוֹתֶ֑/ךָ</w>
          <w lemma="8074">הַשְׁמֵ֖ם</w>
          <w lemma="5921">עַל</w><seg type="x-maqqef">־</seg><w lemma="2403">חַטֹּאתֶֽ/ךָ</w><seg type="x-sof-pasuq">׃</seg> 
        </verse>
        <verse osisID="Mic.6.14">
          <w lemma="859">אַתָּ֤ה</w>
          <w lemma="398">תֹאכַל֙</w>
          <w lemma="3808">וְ/לֹ֣א</w>
          <w lemma="7646">תִשְׂבָּ֔ע</w>
          <w lemma="3445">וְ/יֶשְׁחֲ/ךָ֖</w>
          <w lemma="7130">בְּ/קִרְבֶּ֑/ךָ</w>
          <w lemma="5253">וְ/תַסֵּג֙</w>
          <w lemma="3808">וְ/לֹ֣א</w>
          <w lemma="6403">תַפְלִ֔יט</w>
          <w lemma="834">וַ/אֲשֶׁ֥ר</w>
          <w lemma="6403">תְּפַלֵּ֖ט</w>
          <w lemma="2719">לַ/חֶ֥רֶב</w>
          <w lemma="5414">אֶתֵּֽן</w><seg type="x-sof-pasuq">׃</seg> 
        </verse>
        <verse osisID="Mic.6.15">
          <w lemma="859">אַתָּ֥ה</w>
          <w lemma="2232">תִזְרַ֖ע</w>
          <w lemma="3808">וְ/לֹ֣א</w>
          <w lemma="7114">תִקְצ֑וֹר</w>
          <w lemma="859">אַתָּ֤ה</w>
          <w lemma="1869">תִדְרֹֽךְ</w><seg type="x-maqqef">־</seg><w lemma="2132">זַ֙יִת֙</w>
          <w lemma="3808">וְ/לֹא</w><seg type="x-maqqef">־</seg><w lemma="5480">תָס֣וּךְ</w>
          <w lemma="8081">שֶׁ֔מֶן</w>
          <w lemma="8492">וְ/תִיר֖וֹשׁ</w>
          <w lemma="3808">וְ/לֹ֥א</w>
          <w lemma="8354">תִשְׁתֶּה</w><seg type="x-maqqef">־</seg><w lemma="3196">יָּֽיִן</w><seg type="x-sof-pasuq">׃</seg> 
        </verse>
        <verse osisID="Mic.6.16">
          <w lemma="8104">וְ/יִשְׁתַּמֵּ֞ר</w>
          <w lemma="2708">חֻקּ֣וֹת</w>
          <w lemma="6018">עָמְרִ֗י</w>
          <w lemma="3605">וְ/כֹל֙</w>
          <w lemma="4639">מַעֲשֵׂ֣ה</w>
          <w lemma="1004">בֵית</w><seg type="x-maqqef">־</seg><w lemma="256">אַחְאָ֔ב</w>
          <w lemma="1980">וַ/תֵּלְכ֖וּ</w>
          <w lemma="4156">בְּ/מֹֽעֲצוֹתָ֑/ם</w>
          <w lemma="4616">לְמַעַן֩</w>
          <w lemma="5414">תִּתִּ֨/י</w>
          <w lemma="853">אֹתְ/ךָ֜</w>
          <w lemma="8047">לְ/שַׁמָּ֗ה</w>
          <w lemma="3427">וְ/יֹשְׁבֶ֙י/הָ֙</w>
          <w lemma="8322">לִ/שְׁרֵקָ֔ה</w>
          <w lemma="2781">וְ/חֶרְפַּ֥ת</w>
          <w lemma="5971">עַמִּ֖/י</w>
          <w lemma="5375">תִּשָּֽׂאוּ</w><seg type="x-sof-pasuq">׃</seg> 
          <seg type="x-pe">פ</seg>
        </verse>
      </chapter>
      <chapter osisID="Mic.7">
        <verse osisID="Mic.7.1">
          <w lemma="480">אַ֣לְלַי</w>
          <w>לִ֗/י</w>
          <w lemma="3588">כִּ֤י</w>
          <w lemma="1961">הָיִ֙יתִי֙</w>
          <w lemma="625">כְּ/אָסְפֵּי</w><seg type="x-maqqef">־</seg><w lemma="7019">קַ֔יִץ</w>
          <w lemma="5955">כְּ/עֹלְלֹ֖ת</w>
          <w lemma="1210">בָּצִ֑יר</w>
          <w lemma="369">אֵין</w><seg type="x-maqqef">־</seg><w lemma="811">אֶשְׁכּ֣וֹל</w>
          <w lemma="398">לֶ/אֱכ֔וֹל</w>
          <w lemma="1063">בִּכּוּרָ֖ה</w>
          <w lemma="183">אִוְּתָ֥ה</w>
          <w lemma="5315">נַפְשִֽׁ/י</w><seg type="x-sof-pasuq">׃</seg> 
        </verse>
        <verse osisID="Mic.7.2">
          <w lemma="6">אָבַ֤ד</w>
          <w lemma="2623">חָסִיד֙</w>
          <w lemma="4480">מִן</w><seg type="x-maqqef">־</seg><w lemma="776">הָ/אָ֔רֶץ</w>
          <w lemma="3477">וְ/יָשָׁ֥ר</w>
          <w lemma="120">בָּ/אָדָ֖ם</w>
          <w lemma="369">אָ֑יִן</w>
          <w lemma="3605">כֻּלָּ/ם֙</w>
          <w lemma="1818">לְ/דָמִ֣ים</w>
          <w lemma="693">יֶאֱרֹ֔בוּ</w>
          <w lemma="376">אִ֥ישׁ</w>
          <w lemma="853">אֶת</w><seg type="x-maqqef">־</seg><w lemma="251">אָחִ֖י/הוּ</w>
          <w lemma="6679">יָצ֥וּדוּ</w>
          <w lemma="2764">חֵֽרֶם</w><seg type="x-sof-pasuq">׃</seg> 
        </verse>
        <verse osisID="Mic.7.3">
          <w lemma="5921">עַל</w><seg type="x-maqqef">־</seg><w lemma="7451">הָ/רַ֤ע</w>
          <w lemma="3709">כַּפַּ֙יִם֙</w>
          <w lemma="3190">לְ/הֵיטִ֔יב</w>
          <w lemma="8269">הַ/שַּׂ֣ר</w>
          <w lemma="7592">שֹׁאֵ֔ל</w>
          <w lemma="8199">וְ/הַ/שֹּׁפֵ֖ט</w>
          <w lemma="7966">בַּ/שִּׁלּ֑וּם</w>
          <w lemma="1419">וְ/הַ/גָּד֗וֹל</w>
          <w lemma="1696">דֹּבֵ֨ר</w>
          <w lemma="1942">הַוַּ֥ת</w>
          <w lemma="5315">נַפְשׁ֛/וֹ</w>
          <w lemma="1931">ה֖וּא</w>
          <w lemma="5686">וַֽ/יְעַבְּתֽוּ/הָ</w><seg type="x-sof-pasuq">׃</seg> 
        </verse>
        <verse osisID="Mic.7.4">
          <w lemma="2896">טוֹבָ֣/ם</w>
          <w lemma="2312">כְּ/חֵ֔דֶק</w>
          <w lemma="3477">יָשָׁ֖ר</w>
          <w lemma="4534">מִ/מְּסוּכָ֑ה</w>
          <w lemma="3117">י֤וֹם</w>
          <w lemma="6822">מְצַפֶּ֙י/ךָ֙</w>
          <w lemma="6486">פְּקֻדָּתְ/ךָ֣</w>
          <w lemma="935">בָ֔אָה</w>
          <w lemma="6258">עַתָּ֥ה</w>
          <w lemma="1961">תִהְיֶ֖ה</w>
          <w lemma="3998">מְבוּכָתָֽ/ם</w><seg type="x-sof-pasuq">׃</seg> 
        </verse>
        <verse osisID="Mic.7.5">
          <w lemma="408">אַל</w><seg type="x-maqqef">־</seg><w lemma="539">תַּאֲמִ֣ינוּ</w>
          <w lemma="7453">בְ/רֵ֔עַ</w>
          <w lemma="408">אַֽל</w><seg type="x-maqqef">־</seg><w lemma="982">תִּבְטְח֖וּ</w>
          <w lemma="441">בְּ/אַלּ֑וּף</w>
          <w lemma="7901">מִ/שֹּׁכֶ֣בֶת</w>
          <w lemma="2436">חֵיקֶ֔/ךָ</w>
          <w lemma="8104">שְׁמֹ֖ר</w>
          <w lemma="6607">פִּתְחֵי</w><seg type="x-maqqef">־</seg><w lemma="6310">פִֽי/ךָ</w><seg type="x-sof-pasuq">׃</seg> 
        </verse>
        <verse osisID="Mic.7.6">
          <w lemma="3588">כִּֽי</w><seg type="x-maqqef">־</seg><w lemma="1121">בֵן֙</w>
          <w lemma="5034">מְנַבֵּ֣ל</w>
          <w lemma="1">אָ֔ב</w>
          <w lemma="1323">בַּ֚ת</w>
          <w lemma="6965">קָמָ֣ה</w>
          <w lemma="517">בְ/אִמָּ֔/הּ</w>
          <w lemma="3618">כַּלָּ֖ה</w>
          <w lemma="2545">בַּ/חֲמֹתָ֑/הּ</w>
          <w lemma="341">אֹיְבֵ֥י</w>
          <w lemma="376">אִ֖ישׁ</w>
          <w lemma="582">אַנְשֵׁ֥י</w>
          <w lemma="1004">בֵיתֽ/וֹ</w><seg type="x-sof-pasuq">׃</seg> 
        </verse>
        <verse osisID="Mic.7.7">
          <w lemma="589">וַ/אֲנִי֙</w>
          <w lemma="3068">בַּ/יהוָ֣ה</w>
          <w lemma="6822">אֲצַפֶּ֔ה</w>
          <w lemma="3176">אוֹחִ֖ילָה</w>
          <w lemma="430">לֵ/אלֹהֵ֣י</w>
          <w lemma="3468">יִשְׁעִ֑/י</w>
          <w lemma="8085">יִשְׁמָעֵ֖/נִי</w>
          <w lemma="430">אֱלֹהָֽ/י</w><seg type="x-sof-pasuq">׃</seg> 
        </verse>
        <verse osisID="Mic.7.8">
          <w lemma="408">אַֽל</w><seg type="x-maqqef">־</seg><w lemma="8056">תִּשְׂמְחִ֤י</w>
          <w lemma="341">אֹיַ֙בְתִּ/י֙</w>
          <w>לִ֔/י</w>
          <w lemma="3588">כִּ֥י</w>
          <w lemma="5307">נָפַ֖לְתִּי</w>
          <w lemma="6965">קָ֑מְתִּי</w>
          <w lemma="3588">כִּֽי</w><seg type="x-maqqef">־</seg><w lemma="3427">אֵשֵׁ֣ב</w>
          <w lemma="2822">בַּ/חֹ֔שֶׁךְ</w>
          <w lemma="3068">יְהוָ֖ה</w>
          <w lemma="216">א֥וֹר</w>
          <w>לִֽ/י</w><seg type="x-sof-pasuq">׃</seg> 
          <seg type="x-samekh">ס</seg> 
        </verse>
        <verse osisID="Mic.7.9">
          <w lemma="2197">זַ֤עַף</w>
          <w lemma="3068">יְהוָה֙</w>
          <w lemma="5375">אֶשָּׂ֔א</w>
          <w lemma="3588">כִּ֥י</w>
          <w lemma="2398">חָטָ֖אתִי</w>
          <w>ל֑/וֹ</w>
          <w lemma="5704">עַד֩</w>
          <w lemma="834">אֲשֶׁ֨ר</w>
          <w lemma="7378">יָרִ֤יב</w>
          <w lemma="7379">רִיבִ/י֙</w>
          <w lemma="6213">וְ/עָשָׂ֣ה</w>
          <w lemma="4941">מִשְׁפָּטִ֔/י</w>
          <w lemma="3318">יוֹצִיאֵ֣/נִי</w>
          <w lemma="216">לָ/א֔וֹר</w>
          <w lemma="7200">אֶרְאֶ֖ה</w>
          <w lemma="6666">בְּ/צִדְקָתֽ/וֹ</w><seg type="x-sof-pasuq">׃</seg> 
        </verse>
        <verse osisID="Mic.7.10">
          <w lemma="7200">וְ/תֵרֶ֤א</w>
          <w lemma="341">אֹיַ֙בְתִּ/י֙</w>
          <w lemma="3680">וּ/תְכַסֶּ֣/הָ</w>
          <w lemma="955">בוּשָׁ֔ה</w>
          <w lemma="559">הָ/אֹמְרָ֣ה</w>
          <w lemma="413">אֵלַ֔/י</w>
          <w lemma="346">אַיּ֖/וֹ</w>
          <w lemma="3068">יְהוָ֣ה</w>
          <w lemma="430">אֱלֹהָ֑יִ/ךְ</w>
          <w lemma="5869">עֵינַ/י֙</w>
          <w lemma="7200">תִּרְאֶ֣ינָּה</w>
          <w>בָּ֔/הּ</w>
          <w lemma="6258">עַתָּ֛ה</w>
          <w lemma="1961">תִּֽהְיֶ֥ה</w>
          <w lemma="4823">לְ/מִרְמָ֖ס</w>
          <w lemma="2916">כְּ/טִ֥יט</w>
          <w lemma="2351">חוּצֽוֹת</w><seg type="x-sof-pasuq">׃</seg> 
        </verse>
        <verse osisID="Mic.7.11">
          <w lemma="3117">י֖וֹם</w>
          <w lemma="1129">לִ/בְנ֣וֹת</w>
          <w lemma="1447">גְּדֵרָ֑יִ/ךְ</w>
          <w lemma="3117">י֥וֹם</w>
          <w lemma="1931">הַ/ה֖וּא</w>
          <w lemma="7368">יִרְחַק</w><seg type="x-maqqef">־</seg><w lemma="2706">חֹֽק</w><seg type="x-sof-pasuq">׃</seg> 
        </verse>
        <verse osisID="Mic.7.12">
          <w lemma="3117">י֥וֹם</w>
          <w lemma="1931">הוּא֙</w>
          <w lemma="5704">וְ/עָדֶ֣י/ךָ</w>
          <w lemma="935">יָב֔וֹא</w>
          <w lemma="4480">לְ/מִנִּ֥י</w>
          <w lemma="804">אַשּׁ֖וּר</w>
          <w lemma="5892">וְ/עָרֵ֣י</w>
          <w lemma="4692">מָצ֑וֹר</w>
          <w lemma="4480">וּ/לְ/מִנִּ֤י</w>
          <w lemma="4693">מָצוֹר֙</w>
          <w lemma="5704">וְ/עַד</w><seg type="x-maqqef">־</seg><w lemma="5104">נָהָ֔ר</w>
          <w lemma="3220">וְ/יָ֥ם</w>
          <w lemma="3220">מִ/יָּ֖ם</w>
          <w lemma="2022">וְ/הַ֥ר</w>
          <w lemma="2022">הָ/הָֽר</w><seg type="x-sof-pasuq">׃</seg> 
        </verse>
        <verse osisID="Mic.7.13">
          <w lemma="1961">וְ/הָיְתָ֥ה</w>
          <w lemma="776">הָ/אָ֛רֶץ</w>
          <w lemma="8077">לִ/שְׁמָמָ֖ה</w>
          <w lemma="5921">עַל</w><seg type="x-maqqef">־</seg><w lemma="3427">יֹֽשְׁבֶ֑י/הָ</w>
          <w lemma="6529">מִ/פְּרִ֖י</w>
          <w lemma="4611">מַֽעַלְלֵי/הֶֽם</w><seg type="x-sof-pasuq">׃</seg> 
          <seg type="x-samekh">ס</seg> 
        </verse>
        <verse osisID="Mic.7.14">
          <w lemma="7462">רְעֵ֧ה</w>
          <w lemma="5971">עַמְּ/ךָ֣</w>
          <w lemma="7626">בְ/שִׁבְטֶ֗/ךָ</w>
          <w lemma="6629">צֹ֚אן</w>
          <w lemma="5159">נַֽחֲלָתֶ֔/ךָ</w>
          <w lemma="7931">שֹׁכְנִ֣י</w>
          <w lemma="910">לְ/בָדָ֔ד</w>
          <w lemma="3293">יַ֖עַר</w>
          <w lemma="8432">בְּ/ת֣וֹךְ</w>
          <w lemma="3760">כַּרְמֶ֑ל</w>
          <w lemma="7462">יִרְע֥וּ</w>
          <w lemma="1316">בָשָׁ֛ן</w>
          <w lemma="1568">וְ/גִלְעָ֖ד</w>
          <w lemma="3117">כִּ/ימֵ֥י</w>
          <w lemma="5769">עוֹלָֽם</w><seg type="x-sof-pasuq">׃</seg> 
        </verse>
        <verse osisID="Mic.7.15">
          <w lemma="3117">כִּ/ימֵ֥י</w>
          <w lemma="3318">צֵאתְ/ךָ֖</w>
          <w lemma="776">מֵ/אֶ֣רֶץ</w>
          <w lemma="4714">מִצְרָ֑יִם</w>
          <w lemma="7200">אַרְאֶ֖/נּוּ</w>
          <w lemma="6381">נִפְלָאֽוֹת</w><seg type="x-sof-pasuq">׃</seg> 
        </verse>
        <verse osisID="Mic.7.16">
          <w lemma="7200">יִרְא֤וּ</w>
          <w lemma="1471">גוֹיִם֙</w>
          <w lemma="954">וְ/יֵבֹ֔שׁוּ</w>
          <w lemma="3605">מִ/כֹּ֖ל</w>
          <w lemma="1369">גְּבֽוּרָתָ֑/ם</w>
          <w lemma="7760">יָשִׂ֤ימוּ</w>
          <w lemma="3027">יָד֙</w>
          <w lemma="5921">עַל</w><seg type="x-maqqef">־</seg><w lemma="6310">פֶּ֔ה</w>
          <w lemma="241">אָזְנֵי/הֶ֖ם</w>
          <w lemma="2790">תֶּחֱרַֽשְׁנָה</w><seg type="x-sof-pasuq">׃</seg> 
        </verse>
        <verse osisID="Mic.7.17">
          <w lemma="3897">יְלַחֲכ֤וּ</w>
          <w lemma="6083">עָפָר֙</w>
          <w lemma="5175">כַּ/נָּחָ֔שׁ</w>
          <w lemma="2119">כְּ/זֹחֲלֵ֣י</w>
          <w lemma="776">אֶ֔רֶץ</w>
          <w lemma="7264">יִרְגְּז֖וּ</w>
          <w lemma="4526">מִ/מִּסְגְּרֹֽתֵי/הֶ֑ם</w>
          <w lemma="413">אֶל</w><seg type="x-maqqef">־</seg><w lemma="3068">יְהוָ֤ה</w>
          <w lemma="430">אֱלֹהֵ֙י/נוּ֙</w>
          <w lemma="6342">יִפְחָ֔דוּ</w>
          <w lemma="3372">וְ/יִֽרְא֖וּ</w>
          <w lemma="4480">מִמֶּֽ/ךָּ</w><seg type="x-sof-pasuq">׃</seg> 
        </verse>
        <verse osisID="Mic.7.18">
          <w lemma="4310">מִי</w><seg type="x-maqqef">־</seg><w lemma="410">אֵ֣ל</w>
          <w lemma="3644">כָּמ֗וֹ/ךָ</w>
          <w lemma="5375">נֹשֵׂ֤א</w>
          <w lemma="5771">עָוֺן֙</w>
          <w lemma="5674">וְ/עֹבֵ֣ר</w>
          <w lemma="5921">עַל</w><seg type="x-maqqef">־</seg><w lemma="6588">פֶּ֔שַׁע</w>
          <w lemma="7611">לִ/שְׁאֵרִ֖ית</w>
          <w lemma="5159">נַחֲלָת֑/וֹ</w>
          <w lemma="3808">לֹא</w><seg type="x-maqqef">־</seg><w lemma="2388">הֶחֱזִ֤יק</w>
          <w lemma="5703">לָ/עַד֙</w>
          <w lemma="639">אַפּ֔/וֹ</w>
          <w lemma="3588">כִּֽי</w><seg type="x-maqqef">־</seg><w lemma="2654">חָפֵ֥ץ</w>
          <w lemma="2617">חֶ֖סֶד</w>
          <w lemma="1931">הֽוּא</w><seg type="x-sof-pasuq">׃</seg> 
        </verse>
        <verse osisID="Mic.7.19">
          <w lemma="7725">יָשׁ֣וּב</w>
          <w lemma="7355">יְרַֽחֲמֵ֔/נוּ</w>
          <w lemma="3533">יִכְבֹּ֖שׁ</w>
          <w lemma="5771">עֲוֺֽנֹתֵ֑י/נוּ</w>
          <w lemma="7993">וְ/תַשְׁלִ֛יךְ</w>
          <w lemma="4688">בִּ/מְצֻל֥וֹת</w>
          <w lemma="3220">יָ֖ם</w>
          <w lemma="3605">כָּל</w><seg type="x-maqqef">־</seg><w lemma="2403">חַטֹּאותָֽ/ם</w><seg type="x-sof-pasuq">׃</seg> 
        </verse>
        <verse osisID="Mic.7.20">
          <w lemma="5414">תִּתֵּ֤ן</w>
          <w lemma="571">אֱמֶת֙</w>
          <w lemma="3290">לְ/יַֽעֲקֹ֔ב</w>
          <w lemma="2617">חֶ֖סֶד</w>
          <w lemma="85">לְ/אַבְרָהָ֑ם</w>
          <w lemma="834">אֲשֶׁר</w><seg type="x-maqqef">־</seg><w lemma="7650">נִשְׁבַּ֥עְתָּ</w>
          <w lemma="1">לַ/אֲבֹתֵ֖י/נוּ</w>
          <w lemma="3117">מִ֥/ימֵי</w>
          <w lemma="6924">קֶֽדֶם</w><seg type="x-sof-pasuq">׃</seg> 
        </verse>
      </chapter>
    </div>
  </osisText>
</osis>
