<?xml version="1.0" encoding="utf-8"?>
<osis xmlns:xsi="http://www.w3.org/2001/XMLSchema-instance" xsi:schemaLocation="http://www.bibletechnologies.net/2003/OSIS/namespace http://www.bibletechnologies.net/osisCore.2.1.1.xsd" xmlns="http://www.bibletechnologies.net/2003/OSIS/namespace">
  <osisText xml:lang="he" osisIDWork="WLC">
    <header>
      <revisionDesc resp="dt">
        <date>2008.08.08</date>
        <p>Convert the Westminster Leningrad Codex files from TEI markup to OSIS book files.</p>
      </revisionDesc>
      <work osisWork="WLC" xml:lang="he">
        <title>Westminster Leningrad Codex</title>
        <contributor role="edt">Daniel Owens</contributor>
        <contributor role="edt">David Troidl</contributor>
        <contributor role="edt">Christopher V. Kimball</contributor>
        <date>2007.9.16</date>
        <identifier type="URL">http://www.tanach.us/Tanach.xml</identifier>
        <rights>Public Domain</rights>
      </work>
      <work osisWork="BHS" xml:lang="he">
        <title>BHS unaccented with Strongs</title>
        <contributor role="edt">Joseph Planeta</contributor>
        <contributor role="edt">Rev. Graham Nind</contributor>
        <description>Unaccented Biblia Hebraica Stuttgartensia Hebrew with Strong's numbers by Rev. Graham.</description>
        <identifier type="URL">http://www.faithofgod.net/</identifier>
        <identifier type="URL">http://www.grahamnind.dsl.pipex.com/files</identifier>
        <rights>Public Domain</rights>
      </work>
      <work osisWork="Strong" xml:lang="en">
        <title>A Concise Dictionary of the Words in the Hebrew Bible</title>
        <title type="sub">with their Renderings in the King James Version</title>
        <contributor role="edt">David Troidl</contributor>
        <contributor role="edt">David Instone-Brewer</contributor>
        <creator role="edt">James Strong, LL.D., S.T.D.</creator>
        <date>1894</date>
        <description resp="dib">The data came from several PD sources which were full of errors. I cleaned them by comparing them to each other and (where necessary) looking at the original.</description>
        <publisher>Hunt &amp;amp; Eaton</publisher>
        <identifier type="URL">www.2LetterLookup.com</identifier>
        <source>The exhaustive concordance of the Bible:</source>
        <rights>Public Domain</rights>
      </work>
      <workPrefix path="//w/@lemma" osisWork="Strong" />
    </header>
    <div type="book" osisID="Ruth">
      <chapter osisID="Ruth.1">
        <verse osisID="Ruth.1.1">
          <w lemma="1961">וַ/יְהִ֗י</w>
          <w lemma="3117">בִּ/ימֵי֙</w>
          <w lemma="8199">שְׁפֹ֣ט</w>
          <w lemma="8199">הַ/שֹּׁפְטִ֔ים</w>
          <w lemma="1961">וַ/יְהִ֥י</w>
          <w lemma="7458">רָעָ֖ב</w>
          <w lemma="776">בָּ/אָ֑רֶץ</w>
          <w lemma="1980">וַ/יֵּ֨לֶךְ</w>
          <w lemma="376">אִ֜ישׁ</w>
          <w>מִ/בֵּ֧ית</w>
          <w lemma="1035">לֶ֣חֶם</w>
          <w lemma="3063">יְהוּדָ֗ה</w>
          <w lemma="1481">לָ/גוּר֙</w>
          <w lemma="7704">בִּ/שְׂדֵ֣י</w>
          <w lemma="4124">מוֹאָ֔ב</w>
          <w lemma="1931">ה֥וּא</w>
          <w lemma="802">וְ/אִשְׁתּ֖/וֹ</w>
          <w lemma="8147">וּ/שְׁנֵ֥י</w>
          <w lemma="1121">בָנָֽי/ו</w><seg type="x-sof-pasuq">׃</seg> 
        </verse>
        <verse osisID="Ruth.1.2">
          <w lemma="8034">וְ/שֵׁ֣ם</w>
          <w lemma="376">הָ/אִ֣ישׁ</w>
          <w lemma="458">אֱ‍ֽלִימֶ֡לֶךְ</w>
          <w lemma="8034">וְ/שֵׁם֩</w>
          <w lemma="802">אִשְׁתּ֨/וֹ</w>
          <w lemma="5281">נָעֳמִ֜י</w>
          <w lemma="8034">וְ/שֵׁ֥ם</w>
          <w lemma="8147">שְׁנֵֽי</w><seg type="x-maqqef">־</seg><w lemma="1121">בָנָ֣י/ו</w>
          <seg type="x-paseq">׀</seg> 
          <w lemma="4248">מַחְל֤וֹן</w>
          <w lemma="3630">וְ/כִלְיוֹן֙</w>
          <w lemma="673">אֶפְרָתִ֔ים</w>
          <w>מִ/בֵּ֥ית</w>
          <w lemma="1035">לֶ֖חֶם</w>
          <w lemma="3063">יְהוּדָ֑ה</w>
          <w lemma="935">וַ/יָּבֹ֥אוּ</w>
          <w lemma="7704">שְׂדֵי</w><seg type="x-maqqef">־</seg><w lemma="4124">מוֹאָ֖ב</w>
          <w lemma="1961">וַ/יִּֽהְיוּ</w><seg type="x-maqqef">־</seg><w lemma="8033">שָֽׁם</w><seg type="x-sof-pasuq">׃</seg> 
        </verse>
        <verse osisID="Ruth.1.3">
          <w lemma="4191">וַ/יָּ֥מָת</w>
          <w lemma="458">אֱלִימֶ֖לֶךְ</w>
          <w lemma="376">אִ֣ישׁ</w>
          <w lemma="5281">נָעֳמִ֑י</w>
          <w lemma="7604">וַ/תִּשָּׁאֵ֥ר</w>
          <w lemma="1931">הִ֖יא</w>
          <w lemma="8147">וּ/שְׁנֵ֥י</w>
          <w lemma="1121">בָנֶֽי/הָ</w><seg type="x-sof-pasuq">׃</seg> 
        </verse>
        <verse osisID="Ruth.1.4">
          <w lemma="5375">וַ/יִּשְׂא֣וּ</w>
          <w>לָ/הֶ֗ם</w>
          <w lemma="802">נָשִׁים֙</w>
          <w lemma="4125">מֹֽאֲבִיּ֔וֹת</w>
          <w lemma="8034">שֵׁ֤ם</w>
          <w lemma="259">הָֽ/אַחַת֙</w>
          <w lemma="6204">עָרְפָּ֔ה</w>
          <w lemma="8034">וְ/שֵׁ֥ם</w>
          <w lemma="8145">הַ/שֵּׁנִ֖ית</w>
          <w lemma="7327">ר֑וּת</w>
          <w lemma="3427">וַ/יֵּ֥שְׁבוּ</w>
          <w lemma="8033">שָׁ֖ם</w>
          <w lemma="6235">כְּ/עֶ֥שֶׂר</w>
          <w lemma="8141">שָׁנִֽים</w><seg type="x-sof-pasuq">׃</seg> 
        </verse>
        <verse osisID="Ruth.1.5">
          <w lemma="4191">וַ/יָּמ֥וּתוּ</w>
          <w lemma="1571">גַם</w><seg type="x-maqqef">־</seg><w lemma="8147">שְׁנֵי/הֶ֖ם</w>
          <w lemma="4248">מַחְל֣וֹן</w>
          <w lemma="3630">וְ/כִלְי֑וֹן</w>
          <w lemma="7604">וַ/תִּשָּׁאֵר֙</w>
          <w lemma="802">הָֽ/אִשָּׁ֔ה</w>
          <w lemma="8147">מִ/שְּׁנֵ֥י</w>
          <w lemma="3206">יְלָדֶ֖י/הָ</w>
          <w lemma="376">וּ/מֵ/אִישָֽׁ/הּ</w><seg type="x-sof-pasuq">׃</seg> 
        </verse>
        <verse osisID="Ruth.1.6">
          <w lemma="6965">וַ/תָּ֤קָם</w>
          <w lemma="1931">הִיא֙</w>
          <w lemma="3618">וְ/כַלֹּתֶ֔י/הָ</w>
          <w lemma="7725">וַ/תָּ֖שָׁב</w>
          <w lemma="7704">מִ/שְּׂדֵ֣י</w>
          <w lemma="4124">מוֹאָ֑ב</w>
          <w lemma="3588">כִּ֤י</w>
          <w lemma="8085">שָֽׁמְעָה֙</w>
          <w lemma="7704">בִּ/שְׂדֵ֣ה</w>
          <w lemma="4124">מוֹאָ֔ב</w>
          <w lemma="3588">כִּֽי</w><seg type="x-maqqef">־</seg><w lemma="6485">פָקַ֤ד</w>
          <w lemma="3068">יְהוָה֙</w>
          <w lemma="853">אֶת</w><seg type="x-maqqef">־</seg><w lemma="5971">עַמּ֔/וֹ</w>
          <w lemma="5414">לָ/תֵ֥ת</w>
          <w>לָ/הֶ֖ם</w>
          <w lemma="3899">לָֽחֶם</w><seg type="x-sof-pasuq">׃</seg> 
        </verse>
        <verse osisID="Ruth.1.7">
          <w lemma="3318">וַ/תֵּצֵ֗א</w>
          <w lemma="4480">מִן</w><seg type="x-maqqef">־</seg><w lemma="4725">הַ/מָּקוֹם֙</w>
          <w lemma="834">אֲשֶׁ֣ר</w>
          <w lemma="1961">הָיְתָה</w><seg type="x-maqqef">־</seg><w lemma="8033">שָׁ֔מָּ/ה</w>
          <w lemma="8147">וּ/שְׁתֵּ֥י</w>
          <w lemma="3618">כַלֹּתֶ֖י/הָ</w>
          <w lemma="5973">עִמָּ֑/הּ</w>
          <w lemma="1980">וַ/תֵּלַ֣כְנָה</w>
          <w lemma="1870">בַ/דֶּ֔רֶךְ</w>
          <w lemma="7725">לָ/שׁ֖וּב</w>
          <w lemma="413">אֶל</w><seg type="x-maqqef">־</seg><w lemma="776">אֶ֥רֶץ</w>
          <w lemma="3063">יְהוּדָֽה</w><seg type="x-sof-pasuq">׃</seg> 
        </verse>
        <verse osisID="Ruth.1.8">
          <w lemma="559">וַ/תֹּ֤אמֶר</w>
          <w lemma="5281">נָעֳמִי֙</w>
          <w lemma="8147">לִ/שְׁתֵּ֣י</w>
          <w lemma="3618">כַלֹּתֶ֔י/הָ</w>
          <w lemma="1980">לֵ֣כְנָה</w>
          <w lemma="7725">שֹּׁ֔בְנָה</w>
          <w lemma="802">אִשָּׁ֖ה</w>
          <w lemma="1004">לְ/בֵ֣ית</w>
          <w lemma="517">אִמָּ֑/הּ</w>
          <w lemma="6213">יעשה</w><note type="variant"><catchWord>יעשה</catchWord><rdg type="x-qere"><w lemma="6213">יַ֣עַשׂ</w></rdg></note>
          <w lemma="3068">יְהוָ֤ה</w>
          <w lemma="5973">עִמָּ/כֶם֙</w>
          <w lemma="2617">חֶ֔סֶד</w>
          <w lemma="834">כַּ/אֲשֶׁ֧ר</w>
          <w lemma="6213">עֲשִׂיתֶ֛ם</w>
          <w lemma="5973">עִם</w><seg type="x-maqqef">־</seg><w lemma="4191">הַ/מֵּתִ֖ים</w>
          <w lemma="5973">וְ/עִמָּדִֽ/י</w><seg type="x-sof-pasuq">׃</seg> 
        </verse>
        <verse osisID="Ruth.1.9">
          <w lemma="5414">יִתֵּ֤ן</w>
          <w lemma="3068">יְהוָה֙</w>
          <w>לָ/כֶ֔ם</w>
          <w lemma="4672">וּ/מְצֶ֣אןָ</w>
          <w lemma="4496">מְנוּחָ֔ה</w>
          <w lemma="802">אִשָּׁ֖ה</w>
          <w lemma="1004">בֵּ֣ית</w>
          <w lemma="376">אִישָׁ֑/הּ</w>
          <w lemma="5401">וַ/תִּשַּׁ֣ק</w>
          <w>לָ/הֶ֔ן</w>
          <w lemma="5375">וַ/תִּשֶּׂ֥אנָה</w>
          <w lemma="6963">קוֹלָ֖/ן</w>
          <w lemma="1058">וַ/תִּבְכֶּֽינָה</w><seg type="x-sof-pasuq">׃</seg> 
        </verse>
        <verse osisID="Ruth.1.10">
          <w lemma="559">וַ/תֹּאמַ֖רְנָה</w><seg type="x-maqqef">־</seg><w>לָּ֑/הּ</w>
          <w lemma="3588">כִּי</w><seg type="x-maqqef">־</seg><w lemma="854">אִתָּ֥/ךְ</w>
          <w lemma="7725">נָשׁ֖וּב</w>
          <w lemma="5971">לְ/עַמֵּֽ/ךְ</w><seg type="x-sof-pasuq">׃</seg> 
        </verse>
        <verse osisID="Ruth.1.11">
          <w lemma="559">וַ/תֹּ֤אמֶר</w>
          <w lemma="5281">נָעֳמִי֙</w>
          <w lemma="7725">שֹׁ֣בְנָה</w>
          <w lemma="1323">בְנֹתַ֔/י</w>
          <w lemma="4100">לָ֥/מָּה</w>
          <w lemma="1980">תֵלַ֖כְנָה</w>
          <w lemma="5973">עִמִּ֑/י</w>
          <w lemma="5750">הַֽ/עֽוֹד</w><seg type="x-maqqef">־</seg><w>לִ֤/י</w>
          <w lemma="1121">בָנִים֙</w>
          <w lemma="4578">בְּֽ/מֵעַ֔/י</w>
          <w lemma="1961">וְ/הָי֥וּ</w>
          <w>לָ/כֶ֖ם</w>
          <w lemma="376">לַ/אֲנָשִֽׁים</w><seg type="x-sof-pasuq">׃</seg> 
        </verse>
        <verse osisID="Ruth.1.12">
          <w lemma="7725">שֹׁ֤בְנָה</w>
          <w lemma="1323">בְנֹתַ/י֙</w>
          <w lemma="1980">לֵ֔כְןָ</w>
          <w lemma="3588">כִּ֥י</w>
          <w lemma="2204">זָקַ֖נְתִּי</w>
          <w lemma="1961">מִ/הְי֣וֹת</w>
          <w lemma="376">לְ/אִ֑ישׁ</w>
          <w lemma="3588">כִּ֤י</w>
          <w lemma="559">אָמַ֙רְתִּי֙</w>
          <w lemma="3426">יֶשׁ</w><seg type="x-maqqef">־</seg><w>לִ֣/י</w>
          <w lemma="8615">תִקְוָ֔ה</w>
          <w lemma="1571">גַּ֣ם</w>
          <w lemma="1961">הָיִ֤יתִי</w>
          <w lemma="3915">הַ/לַּ֙יְלָה֙</w>
          <w lemma="376">לְ/אִ֔ישׁ</w>
          <w lemma="1571">וְ/גַ֖ם</w>
          <w lemma="3205">יָלַ֥דְתִּי</w>
          <w lemma="1121">בָנִֽים</w><seg type="x-sof-pasuq">׃</seg> 
        </verse>
        <verse osisID="Ruth.1.13">
          <w lemma="3860">הֲ/לָהֵ֣ן</w>
          <seg type="x-paseq">׀</seg> 
          <w lemma="7663">תְּשַׂבֵּ֗רְנָה</w>
          <w lemma="5704">עַ֚ד</w>
          <w lemma="834">אֲשֶׁ֣ר</w>
          <w lemma="1431">יִגְדָּ֔לוּ</w>
          <w lemma="3860">הֲ/לָהֵן֙</w>
          <w lemma="5702">תֵּֽעָגֵ֔נָה</w>
          <w lemma="1115">לְ/בִלְתִּ֖י</w>
          <w lemma="1961">הֱי֣וֹת</w>
          <w lemma="376">לְ/אִ֑ישׁ</w>
          <w lemma="408">אַ֣ל</w>
          <w lemma="1323">בְּנֹתַ֗/י</w>
          <w lemma="3588">כִּֽי</w><seg type="x-maqqef">־</seg><w lemma="4843">מַר</w><seg type="x-maqqef">־</seg><w>לִ֤/י</w>
          <w lemma="3966">מְאֹד֙</w>
          <w lemma="4480">מִ/כֶּ֔ם</w>
          <w lemma="3588">כִּֽי</w><seg type="x-maqqef">־</seg><w lemma="3318">יָצְאָ֥ה</w>
          <w>בִ֖/י</w>
          <w lemma="3027">יַד</w><seg type="x-maqqef">־</seg><w lemma="3068">יְהוָֽה</w><seg type="x-sof-pasuq">׃</seg> 
        </verse>
        <verse osisID="Ruth.1.14">
          <w lemma="5375">וַ/תִּשֶּׂ֣נָה</w>
          <w lemma="6963">קוֹלָ֔/ן</w>
          <w lemma="1058">וַ/תִּבְכֶּ֖ינָה</w>
          <w lemma="5750">ע֑וֹד</w>
          <w lemma="5401">וַ/תִּשַּׁ֤ק</w>
          <w lemma="6204">עָרְפָּה֙</w>
          <w lemma="2545">לַ/חֲמוֹתָ֔/הּ</w>
          <w lemma="7327">וְ/ר֖וּת</w>
          <w lemma="1692">דָּ֥בְקָה</w>
          <w>בָּֽ/הּ</w><seg type="x-sof-pasuq">׃</seg> 
        </verse>
        <verse osisID="Ruth.1.15">
          <w lemma="559">וַ/תֹּ֗אמֶר</w>
          <w lemma="2009">הִנֵּה֙</w>
          <w lemma="7725">שָׁ֣בָה</w>
          <w lemma="2994">יְבִמְתֵּ֔/ךְ</w>
          <w lemma="413">אֶל</w><seg type="x-maqqef">־</seg><w lemma="5971">עַמָּ֖/הּ</w>
          <w lemma="413">וְ/אֶל</w><seg type="x-maqqef">־</seg><w lemma="430">אֱלֹהֶ֑י/הָ</w>
          <w lemma="7725">שׁ֖וּבִי</w>
          <w lemma="310">אַחֲרֵ֥י</w>
          <w lemma="2994">יְבִמְתֵּֽ/ךְ</w><seg type="x-sof-pasuq">׃</seg> 
        </verse>
        <verse osisID="Ruth.1.16">
          <w lemma="559">וַ/תֹּ֤אמֶר</w>
          <w lemma="7327">רוּת֙</w>
          <w lemma="408">אַל</w><seg type="x-maqqef">־</seg><w lemma="6293">תִּפְגְּעִי</w><seg type="x-maqqef">־</seg><w>בִ֔/י</w>
          <w lemma="5800">לְ/עָזְבֵ֖/ךְ</w>
          <w lemma="7725">לָ/שׁ֣וּב</w>
          <w lemma="310">מֵ/אַחֲרָ֑יִ/ךְ</w>
          <w lemma="3588">כִּ֠י</w>
          <w lemma="413">אֶל</w><seg type="x-maqqef">־</seg><w lemma="834">אֲשֶׁ֨ר</w>
          <w lemma="1980">תֵּלְכִ֜י</w>
          <w lemma="1980">אֵלֵ֗ךְ</w>
          <w lemma="834">וּ/בַ/אֲשֶׁ֤ר</w>
          <w lemma="3885">תָּלִ֙ינִי֙</w>
          <w lemma="3885">אָלִ֔ין</w>
          <w lemma="5971">עַמֵּ֣/ךְ</w>
          <w lemma="5971">עַמִּ֔/י</w>
          <w lemma="430">וֵ/אלֹהַ֖יִ/ךְ</w>
          <w lemma="430">אֱלֹהָֽ/י</w><seg type="x-sof-pasuq">׃</seg> 
        </verse>
        <verse osisID="Ruth.1.17">
          <w lemma="834">בַּ/אֲשֶׁ֤ר</w>
          <w lemma="4191">תָּמ֙וּתִי֙</w>
          <w lemma="4191">אָמ֔וּת</w>
          <w lemma="8033">וְ/שָׁ֖ם</w>
          <w lemma="6912">אֶקָּבֵ֑ר</w>
          <w lemma="3541">כֹּה֩</w>
          <w lemma="6213">יַעֲשֶׂ֨ה</w>
          <w lemma="3068">יְהוָ֥ה</w>
          <w>לִ/י֙</w>
          <w lemma="3541">וְ/כֹ֣ה</w>
          <w lemma="3254">יֹסִ֔יף</w>
          <w lemma="3588">כִּ֣י</w>
          <w lemma="4194">הַ/מָּ֔וֶת</w>
          <w lemma="6504">יַפְרִ֖יד</w>
          <w lemma="996">בֵּינִ֥/י</w>
          <w lemma="996">וּ/בֵינֵֽ/ךְ</w><seg type="x-sof-pasuq">׃</seg> 
        </verse>
        <verse osisID="Ruth.1.18">
          <w lemma="7200">וַ/תֵּ֕רֶא</w>
          <w lemma="3588">כִּֽי</w><seg type="x-maqqef">־</seg><w lemma="553">מִתְאַמֶּ֥צֶת</w>
          <w lemma="1931">הִ֖יא</w>
          <w lemma="1980">לָ/לֶ֣כֶת</w>
          <w lemma="854">אִתָּ֑/הּ</w>
          <w lemma="2308">וַ/תֶּחְדַּ֖ל</w>
          <w lemma="1696">לְ/דַבֵּ֥ר</w>
          <w lemma="413">אֵלֶֽי/הָ</w><seg type="x-sof-pasuq">׃</seg> 
        </verse>
        <verse osisID="Ruth.1.19">
          <w lemma="1980">וַ/תֵּלַ֣כְנָה</w>
          <w lemma="8147">שְׁתֵּי/הֶ֔ם</w>
          <w lemma="5704">עַד</w><seg type="x-maqqef">־</seg><w lemma="935">בֹּאָ֖/נָה</w>
          <w>בֵּ֣ית</w>
          <w lemma="1035">לָ֑חֶם</w>
          <w lemma="1961">וַ/יְהִ֗י</w>
          <w lemma="935">כְּ/בֹאָ֙/נָה֙</w>
          <w>בֵּ֣ית</w>
          <w lemma="1035">לֶ֔חֶם</w>
          <w lemma="1949">וַ/תֵּהֹ֤ם</w>
          <w lemma="3605">כָּל</w><seg type="x-maqqef">־</seg><w lemma="5892">הָ/עִיר֙</w>
          <w lemma="5921">עֲלֵי/הֶ֔ן</w>
          <w lemma="559">וַ/תֹּאמַ֖רְנָה</w>
          <w lemma="2063">הֲ/זֹ֥את</w>
          <w lemma="5281">נָעֳמִֽי</w><seg type="x-sof-pasuq">׃</seg> 
        </verse>
        <verse osisID="Ruth.1.20">
          <w lemma="559">וַ/תֹּ֣אמֶר</w>
          <w lemma="413">אֲלֵי/הֶ֔ן</w>
          <w lemma="408">אַל</w><seg type="x-maqqef">־</seg><w lemma="7121">תִּקְרֶ֥אנָה</w>
          <w>לִ֖/י</w>
          <w lemma="5281">נָעֳמִ֑י</w>
          <w lemma="7121">קְרֶ֤אןָ</w>
          <w>לִ/י֙</w>
          <w lemma="4755">מָרָ֔א</w>
          <w lemma="3588">כִּי</w><seg type="x-maqqef">־</seg><w lemma="4843">הֵמַ֥ר</w>
          <w lemma="7706">שַׁדַּ֛י</w>
          <w>לִ֖/י</w>
          <w lemma="3966">מְאֹֽד</w><seg type="x-sof-pasuq">׃</seg> 
        </verse>
        <verse osisID="Ruth.1.21">
          <w lemma="589">אֲנִי֙</w>
          <w lemma="4392">מְלֵאָ֣ה</w>
          <w lemma="1980">הָלַ֔כְתִּי</w>
          <w lemma="7387">וְ/רֵיקָ֖ם</w>
          <w lemma="7725">הֱשִׁיבַ֣/נִי</w>
          <w lemma="3068">יְהוָ֑ה</w>
          <w lemma="4100">לָ֣/מָּה</w>
          <w lemma="7121">תִקְרֶ֤אנָה</w>
          <w>לִ/י֙</w>
          <w lemma="5281">נָעֳמִ֔י</w>
          <w lemma="3068">וַֽ/יהוָה֙</w>
          <w lemma="6030">עָ֣נָה</w>
          <w>בִ֔/י</w>
          <w lemma="7706">וְ/שַׁדַּ֖י</w>
          <w lemma="7489">הֵ֥רַֽע</w>
          <note>We read or understand L differently than BHS (1983 Edition). Often this notation indicates a typographical error in BHS.</note>
          <w>לִֽ/י</w><seg type="x-sof-pasuq">׃</seg> 
        </verse>
        <verse osisID="Ruth.1.22">
          <w lemma="7725">וַ/תָּ֣שָׁב</w>
          <w lemma="5281">נָעֳמִ֗י</w>
          <w lemma="7327">וְ/ר֨וּת</w>
          <w lemma="4125">הַ/מּוֹאֲבִיָּ֤ה</w>
          <w lemma="3618">כַלָּתָ/הּ֙</w>
          <w lemma="5973">עִמָּ֔/הּ</w>
          <w lemma="7725">הַ/שָּׁ֖בָה</w>
          <w lemma="7704">מִ/שְּׂדֵ֣י</w>
          <w lemma="4124">מוֹאָ֑ב</w>
          <w lemma="1992">וְ/הֵ֗מָּה</w>
          <w lemma="935">בָּ֚אוּ</w>
          <w>בֵּ֣ית</w>
          <w lemma="1035">לֶ֔חֶם</w>
          <w lemma="8462">בִּ/תְחִלַּ֖ת</w>
          <w lemma="7105">קְצִ֥יר</w>
          <w lemma="8184">שְׂעֹרִֽים</w><seg type="x-sof-pasuq">׃</seg> 
        </verse>
      </chapter>
      <chapter osisID="Ruth.2">
        <verse osisID="Ruth.2.1">
          <w lemma="5281">וּֽ/לְ/נָעֳמִ֞י</w>
          <w lemma="3045">מידע</w><note type="variant"><catchWord>מידע</catchWord><rdg type="x-qere"><w lemma="3045">מוֹדַ֣ע</w></rdg></note>
          <w lemma="376">לְ/אִישָׁ֗/הּ</w>
          <w lemma="376">אִ֚ישׁ</w>
          <w lemma="1368">גִּבּ֣וֹר</w>
          <w lemma="2428">חַ֔יִל</w>
          <w lemma="4940">מִ/מִּשְׁפַּ֖חַת</w>
          <w lemma="458">אֱלִימֶ֑לֶךְ</w>
          <w lemma="8034">וּ/שְׁמ֖/וֹ</w>
          <w lemma="1162">בֹּֽעַז</w><seg type="x-sof-pasuq">׃</seg> 
        </verse>
        <verse osisID="Ruth.2.2">
          <w lemma="559">וַ/תֹּאמֶר֩</w>
          <w lemma="7327">ר֨וּת</w>
          <w lemma="4125">הַ/מּוֹאֲבִיָּ֜ה</w>
          <w lemma="413">אֶֽל</w><seg type="x-maqqef">־</seg><w lemma="5281">נָעֳמִ֗י</w>
          <w lemma="1980">אֵֽלְכָה</w><seg type="x-maqqef">־</seg><w lemma="4994">נָּ֤א</w>
          <w lemma="7704">הַ/שָּׂדֶה֙</w>
          <w lemma="3950">וַ/אֲלַקֳטָּ֣ה</w>
          <note>Marks a place where we agree with BHQ against BHS in reading L. (Currently occurs only with note ']t'.)</note>
          <note>We read one or more consonants, vowels or punctuation (Maqqef, Dagesh or Mappiq) in L differently from BHS (1997). This is similar to the note ']c', but the latter  refers to the accents. The older note ']3' encompasses the new uses of ']c', ']p' and ']t'.</note>
          <w lemma="7641">בַ/שִׁבֳּלִ֔ים</w>
          <note>Marks a place where we agree with BHQ against BHS in reading L. (Currently occurs only with note ']t'.)</note>
          <note>We read one or more consonants, vowels or punctuation (Maqqef, Dagesh or Mappiq) in L differently from BHS (1997). This is similar to the note ']c', but the latter  refers to the accents. The older note ']3' encompasses the new uses of ']c', ']p' and ']t'.</note>
          <w lemma="310">אַחַ֕ר</w>
          <w lemma="834">אֲשֶׁ֥ר</w>
          <w lemma="4672">אֶמְצָא</w><seg type="x-maqqef">־</seg><w lemma="2580">חֵ֖ן</w>
          <w lemma="5869">בְּ/עֵינָ֑י/ו</w>
          <w lemma="559">וַ/תֹּ֥אמֶר</w>
          <w>לָ֖/הּ</w>
          <w lemma="1980">לְכִ֥י</w>
          <w lemma="1323">בִתִּֽ/י</w><seg type="x-sof-pasuq">׃</seg> 
        </verse>
        <verse osisID="Ruth.2.3">
          <w lemma="1980">וַ/תֵּ֤לֶךְ</w>
          <w lemma="935">וַ/תָּבוֹא֙</w>
          <w lemma="3950">וַ/תְּלַקֵּ֣ט</w>
          <w lemma="7704">בַּ/שָּׂדֶ֔ה</w>
          <w lemma="310">אַחֲרֵ֖י</w>
          <w lemma="7114">הַ/קֹּצְרִ֑ים</w>
          <w lemma="7136">וַ/יִּ֣קֶר</w>
          <w lemma="4745">מִקְרֶ֔/הָ</w>
          <w lemma="2513">חֶלְקַ֤ת</w>
          <w lemma="7704">הַ/שָּׂדֶה֙</w>
          <w lemma="1162">לְ/בֹ֔עַז</w>
          <w lemma="834">אֲשֶׁ֖ר</w>
          <w lemma="4940">מִ/מִּשְׁפַּ֥חַת</w>
          <w lemma="458">אֱלִימֶֽלֶךְ</w><seg type="x-sof-pasuq">׃</seg> 
        </verse>
        <verse osisID="Ruth.2.4">
          <w lemma="2009">וְ/הִנֵּה</w><seg type="x-maqqef">־</seg><w lemma="1162">בֹ֗עַז</w>
          <w lemma="935">בָּ֚א</w>
          <w>מִ/בֵּ֣ית</w>
          <w lemma="1035">לֶ֔חֶם</w>
          <w lemma="559">וַ/יֹּ֥אמֶר</w>
          <w lemma="7114">לַ/קּוֹצְרִ֖ים</w>
          <w lemma="3068">יְהוָ֣ה</w>
          <w lemma="5973">עִמָּ/כֶ֑ם</w>
          <w lemma="559">וַ/יֹּ֥אמְרוּ</w>
          <w>ל֖/וֹ</w>
          <w lemma="1288">יְבָרֶכְ/ךָ֥</w>
          <w lemma="3068">יְהוָֽה</w><seg type="x-sof-pasuq">׃</seg> 
        </verse>
        <verse osisID="Ruth.2.5">
          <w lemma="559">וַ/יֹּ֤אמֶר</w>
          <w lemma="1162">בֹּ֙עַז֙</w>
          <w lemma="5288">לְ/נַעֲר֔/וֹ</w>
          <w lemma="5324">הַ/נִּצָּ֖ב</w>
          <w lemma="5921">עַל</w><seg type="x-maqqef">־</seg><w lemma="7114">הַ/קּֽוֹצְרִ֑ים</w>
          <w lemma="4310">לְ/מִ֖י</w>
          <w lemma="5291">הַ/נַּעֲרָ֥ה</w>
          <w lemma="2063">הַ/זֹּֽאת</w><seg type="x-sof-pasuq">׃</seg> 
        </verse>
        <verse osisID="Ruth.2.6">
          <w lemma="6030">וַ/יַּ֗עַן</w>
          <w lemma="5288">הַ/נַּ֛עַר</w>
          <w lemma="5324">הַ/נִּצָּ֥ב</w>
          <w lemma="5921">עַל</w><seg type="x-maqqef">־</seg><w lemma="7114">הַ/קּוֹצְרִ֖ים</w>
          <w lemma="559">וַ/יֹּאמַ֑ר</w>
          <w lemma="5291">נַעֲרָ֤ה</w>
          <w lemma="4125">מֽוֹאֲבִיָּה֙</w>
          <w lemma="1931">הִ֔יא</w>
          <w lemma="7725">הַ/שָּׁ֥בָה</w>
          <w lemma="5973">עִֽם</w><seg type="x-maqqef">־</seg><w lemma="5281">נָעֳמִ֖י</w>
          <w lemma="7704">מִ/שְּׂדֵ֥ה</w>
          <w lemma="4124">מוֹאָֽב</w><seg type="x-sof-pasuq">׃</seg> 
        </verse>
        <verse osisID="Ruth.2.7">
          <w lemma="559">וַ/תֹּ֗אמֶר</w>
          <w lemma="3950">אֲלַקֳטָה</w><seg type="x-maqqef">־</seg><w lemma="4994">נָּא֙</w>
          <w lemma="622">וְ/אָסַפְתִּ֣י</w>
          <w lemma="6016">בָֽ/עֳמָרִ֔ים</w>
          <w lemma="310">אַחֲרֵ֖י</w>
          <w lemma="7114">הַ/קּוֹצְרִ֑ים</w>
          <w lemma="935">וַ/תָּב֣וֹא</w>
          <w lemma="5975">וַֽ/תַּעֲמ֗וֹד</w>
          <w lemma="227">מֵ/אָ֤ז</w>
          <w lemma="1242">הַ/בֹּ֙קֶר֙</w>
          <w lemma="5704">וְ/עַד</w><seg type="x-maqqef">־</seg><w lemma="6258">עַ֔תָּה</w>
          <w lemma="2088">זֶ֛ה</w>
          <w lemma="3427">שִׁבְתָּ֥/הּ</w>
          <w lemma="1004">הַ/בַּ֖יִת</w>
          <w lemma="4592">מְעָֽט</w><seg type="x-sof-pasuq">׃</seg> 
        </verse>
        <verse osisID="Ruth.2.8">
          <w lemma="559">וַ/יֹּאמֶר֩</w>
          <w lemma="1162">בֹּ֨עַז</w>
          <w lemma="413">אֶל</w><seg type="x-maqqef">־</seg><w lemma="7327">ר֜וּת</w>
          <w lemma="3808">הֲ/ל֧וֹא</w>
          <w lemma="8085">שָׁמַ֣עַתְּ</w>
          <w lemma="1323">בִּתִּ֗/י</w>
          <w lemma="408">אַל</w><seg type="x-maqqef">־</seg><w lemma="1980">תֵּלְכִי֙</w>
          <w lemma="3950">לִ/לְקֹט֙</w>
          <w lemma="7704">בְּ/שָׂדֶ֣ה</w>
          <w lemma="312">אַחֵ֔ר</w>
          <w lemma="1571">וְ/גַ֛ם</w>
          <w lemma="3808">לֹ֥א</w>
          <w lemma="5674">תַעֲבוּרִ֖י</w>
          <w lemma="2088">מִ/זֶּ֑ה</w>
          <w lemma="3541">וְ/כֹ֥ה</w>
          <w lemma="1692">תִדְבָּקִ֖י/ן</w>
          <w lemma="5973">עִם</w><seg type="x-maqqef">־</seg><w lemma="5291">נַעֲרֹתָֽ/י</w><seg type="x-sof-pasuq">׃</seg> 
        </verse>
        <verse osisID="Ruth.2.9">
          <w lemma="5869">עֵינַ֜יִ/ךְ</w>
          <w lemma="7704">בַּ/שָּׂדֶ֤ה</w>
          <w lemma="834">אֲשֶׁר</w><seg type="x-maqqef">־</seg><w lemma="7114">יִקְצֹרוּ/ן֙</w>
          <w lemma="1980">וְ/הָלַ֣כְתִּ</w>
          <note>Marks a place where we agree with BHQ against BHS in reading L. (Currently occurs only with note ']t'.)</note>
          <note>We read one or more consonants, vowels or punctuation (Maqqef, Dagesh or Mappiq) in L differently from BHS (1997). This is similar to the note ']c', but the latter  refers to the accents. The older note ']3' encompasses the new uses of ']c', ']p' and ']t'.</note>
          <w lemma="310">אַחֲרֵי/הֶ֔ן</w>
          <w lemma="3808">הֲ/ל֥וֹא</w>
          <w lemma="6680">צִוִּ֛יתִי</w>
          <w lemma="853">אֶת</w><seg type="x-maqqef">־</seg><w lemma="5288">הַ/נְּעָרִ֖ים</w>
          <w lemma="1115">לְ/בִלְתִּ֣י</w>
          <w lemma="5060">נָגְעֵ֑/ךְ</w>
          <w lemma="6770">וְ/צָמִ֗ת</w>
          <w lemma="1980">וְ/הָלַכְתְּ֙</w>
          <w lemma="413">אֶל</w><seg type="x-maqqef">־</seg><w lemma="3627">הַ/כֵּלִ֔ים</w>
          <w lemma="8354">וְ/שָׁתִ֕ית</w>
          <w lemma="834">מֵ/אֲשֶׁ֥ר</w>
          <w lemma="7579">יִשְׁאֲב֖וּ/ן</w>
          <w lemma="5288">הַ/נְּעָרִֽים</w><seg type="x-sof-pasuq">׃</seg> 
        </verse>
        <verse osisID="Ruth.2.10">
          <w lemma="5307">וַ/תִּפֹּל֙</w>
          <w lemma="5921">עַל</w><seg type="x-maqqef">־</seg><w lemma="6440">פָּנֶ֔י/הָ</w>
          <w lemma="7812">וַ/תִּשְׁתַּ֖חוּ</w>
          <w lemma="776">אָ֑רְצָ/ה</w>
          <w lemma="559">וַ/תֹּ֣אמֶר</w>
          <w lemma="413">אֵלָ֗י/ו</w>
          <w lemma="4069">מַדּוּעַ֩</w>
          <w lemma="4672">מָצָ֨אתִי</w>
          <w lemma="2580">חֵ֤ן</w>
          <w lemma="5869">בְּ/עֵינֶ֙י/ךָ֙</w>
          <w lemma="5234">לְ/הַכִּירֵ֔/נִי</w>
          <w lemma="595">וְ/אָּנֹכִ֖י</w>
          <note>Marks a place where we agree with BHQ against BHS in reading L. (Currently occurs only with note ']t'.)</note>
          <note>We read one or more consonants, vowels or punctuation (Maqqef, Dagesh or Mappiq) in L differently from BHS (1997). This is similar to the note ']c', but the latter  refers to the accents. The older note ']3' encompasses the new uses of ']c', ']p' and ']t'.</note>
          <w lemma="5237">נָכְרִיָּֽה</w><seg type="x-sof-pasuq">׃</seg> 
        </verse>
        <verse osisID="Ruth.2.11">
          <w lemma="6030">וַ/יַּ֤עַן</w>
          <w lemma="1162">בֹּ֙עַז֙</w>
          <w lemma="559">וַ/יֹּ֣אמֶר</w>
          <w>לָ֔/הּ</w>
          <w lemma="5046">הֻגֵּ֨ד</w>
          <w lemma="5046">הֻגַּ֜ד</w>
          <w>לִ֗/י</w>
          <w lemma="3605">כֹּ֤ל</w>
          <w lemma="834">אֲשֶׁר</w><seg type="x-maqqef">־</seg><w lemma="6213">עָשִׂית֙</w>
          <w lemma="854">אֶת</w><seg type="x-maqqef">־</seg><w lemma="2545">חֲמוֹתֵ֔/ךְ</w>
          <w lemma="310">אַחֲרֵ֖י</w>
          <w lemma="4194">מ֣וֹת</w>
          <w lemma="376">אִישֵׁ֑/ךְ</w>
          <w lemma="5800">וַ/תַּֽעַזְבִ֞י</w>
          <w lemma="1">אָּבִ֣י/ךְ</w>
          <note>Marks a place where we agree with BHQ against BHS in reading L. (Currently occurs only with note ']t'.)</note>
          <note>We read one or more consonants, vowels or punctuation (Maqqef, Dagesh or Mappiq) in L differently from BHS (1997). This is similar to the note ']c', but the latter  refers to the accents. The older note ']3' encompasses the new uses of ']c', ']p' and ']t'.</note>
          <w lemma="517">וְ/אִמֵּ֗/ךְ</w>
          <w lemma="776">וְ/אֶ֙רֶץ֙</w>
          <w lemma="4138">מֽוֹלַדְתֵּ֔/ךְ</w>
          <w lemma="1980">וַ/תֵּ֣לְכִ֔י</w>
          <w lemma="413">אֶל</w><seg type="x-maqqef">־</seg><w lemma="5971">עַ֕ם</w>
          <w lemma="834">אֲשֶׁ֥ר</w>
          <w lemma="3808">לֹא</w><seg type="x-maqqef">־</seg><w lemma="3045">יָדַ֖עַתְּ</w>
          <w lemma="8543">תְּמ֥וֹל</w>
          <w lemma="8032">שִׁלְשֽׁוֹם</w><seg type="x-sof-pasuq">׃</seg> 
        </verse>
        <verse osisID="Ruth.2.12">
          <w lemma="7999">יְשַׁלֵּ֥ם</w>
          <w lemma="3068">יְהוָ֖ה</w>
          <w lemma="6467">פָּעֳלֵ֑/ךְ</w>
          <w lemma="1961">וּ/תְהִ֨י</w>
          <w lemma="4909">מַשְׂכֻּרְתֵּ֜/ךְ</w>
          <w lemma="8003">שְׁלֵמָ֗ה</w>
          <w lemma="5973">מֵ/עִ֤ם</w>
          <w lemma="3068">יְהוָה֙</w>
          <w lemma="430">אֱלֹהֵ֣י</w>
          <w lemma="3478">יִשְׂרָאֵ֔ל</w>
          <w lemma="834">אֲשֶׁר</w><seg type="x-maqqef">־</seg><w lemma="935">בָּ֖את</w>
          <w lemma="2620">לַ/חֲס֥וֹת</w>
          <w lemma="8478">תַּֽחַת</w><seg type="x-maqqef">־</seg><w lemma="3671">כְּנָפָֽי/ו</w><seg type="x-sof-pasuq">׃</seg> 
        </verse>
        <verse osisID="Ruth.2.13">
          <w lemma="559">וַ֠/תֹּאמֶר</w>
          <w lemma="4672">אֶמְצָא</w><seg type="x-maqqef">־</seg><w lemma="2580">חֵ֨ן</w>
          <w lemma="5869">בְּ/עֵינֶ֤י/ךָ</w>
          <w lemma="113">אֲדֹנִ/י֙</w>
          <w lemma="3588">כִּ֣י</w>
          <w lemma="5162">נִֽחַמְתָּ֔/נִי</w>
          <w lemma="3588">וְ/כִ֥י</w>
          <w lemma="1696">דִבַּ֖רְתָּ</w>
          <w lemma="5921">עַל</w><seg type="x-maqqef">־</seg><w lemma="3820">לֵ֣ב</w>
          <w lemma="8198">שִׁפְחָתֶ֑/ךָ</w>
          <w lemma="595">וְ/אָנֹכִי֙</w>
          <w lemma="3808">לֹ֣א</w>
          <w lemma="1961">אֶֽהְיֶ֔ה</w>
          <w lemma="259">כְּ/אַחַ֖ת</w>
          <w lemma="8198">שִׁפְחֹתֶֽי/ךָ</w><seg type="x-sof-pasuq">׃</seg> 
        </verse>
        <verse osisID="Ruth.2.14">
          <w lemma="559">וַ/יֹּאמֶר֩</w>
          <w>לָ֨/ה</w>
          <w lemma="1162">בֹ֜עַז</w>
          <w lemma="6256">לְ/עֵ֣ת</w>
          <w lemma="400">הָ/אֹ֗כֶל</w>
          <w lemma="5066">גֹּ֤שִֽׁי</w>
          <w lemma="1988">הֲלֹם֙</w>
          <w lemma="398">וְ/אָכַ֣לְתְּ</w>
          <w lemma="4480">מִן</w><seg type="x-maqqef">־</seg><w lemma="3899">הַ/לֶּ֔חֶם</w>
          <w lemma="2881">וְ/טָבַ֥לְתְּ</w>
          <w lemma="6595">פִּתֵּ֖/ךְ</w>
          <w lemma="2558">בַּ/חֹ֑מֶץ</w>
          <w lemma="3427">וַ/תֵּ֙שֶׁב֙</w>
          <w lemma="6654">מִ/צַּ֣ד</w>
          <w lemma="7114">הַ/קּֽוֹצְרִ֔ים</w>
          <w lemma="6642">וַ/יִּצְבָּט</w><seg type="x-maqqef">־</seg><w>לָ֣/הּ</w>
          <w lemma="7039">קָלִ֔י</w>
          <w lemma="398">וַ/תֹּ֥אכַל</w>
          <w lemma="7646">וַ/תִּשְׂבַּ֖ע</w>
          <w lemma="3498">וַ/תֹּתַֽר</w><seg type="x-sof-pasuq">׃</seg> 
        </verse>
        <verse osisID="Ruth.2.15">
          <w lemma="6965">וַ/תָּ֖קָם</w>
          <w lemma="3950">לְ/לַקֵּ֑ט</w>
          <w lemma="6680">וַ/יְצַו֩</w>
          <w lemma="1162">בֹּ֨עַז</w>
          <w lemma="853">אֶת</w><seg type="x-maqqef">־</seg><w lemma="5288">נְעָרָ֜י/ו</w>
          <w lemma="559">לֵ/אמֹ֗ר</w>
          <w lemma="1571">גַּ֣ם</w>
          <w lemma="996">בֵּ֧ין</w>
          <w lemma="6016">הָֽ/עֳמָרִ֛ים</w>
          <w lemma="3950">תְּלַקֵּ֖ט</w>
          <w lemma="3808">וְ/לֹ֥א</w>
          <w lemma="3637">תַכְלִימֽוּ/הָ</w><seg type="x-sof-pasuq">׃</seg> 
        </verse>
        <verse osisID="Ruth.2.16">
          <w lemma="1571">וְ/גַ֛ם</w>
          <w lemma="7997">שֹׁל</w><seg type="x-maqqef">־</seg><w lemma="7997">תָּשֹׁ֥לּוּ</w>
          <w>לָ֖/הּ</w>
          <w lemma="4480">מִן</w><seg type="x-maqqef">־</seg><w lemma="6653">הַ/צְּבָתִ֑ים</w>
          <w lemma="5800">וַ/עֲזַבְתֶּ֥ם</w>
          <w lemma="3950">וְ/לִקְּטָ֖ה</w>
          <w lemma="3808">וְ/לֹ֥א</w>
          <w lemma="1605">תִגְעֲרוּ</w><seg type="x-maqqef">־</seg><w>בָֽ/הּ</w><seg type="x-sof-pasuq">׃</seg> 
        </verse>
        <verse osisID="Ruth.2.17">
          <w lemma="3950">וַ/תְּלַקֵּ֥ט</w>
          <w lemma="7704">בַּ/שָּׂדֶ֖ה</w>
          <w lemma="5704">עַד</w><seg type="x-maqqef">־</seg><w lemma="6153">הָ/עָ֑רֶב</w>
          <w lemma="2251">וַ/תַּחְבֹּט֙</w>
          <w lemma="853">אֵ֣ת</w>
          <w lemma="834">אֲשֶׁר</w><seg type="x-maqqef">־</seg><w lemma="3950">לִקֵּ֔טָה</w>
          <w lemma="1961">וַ/יְהִ֖י</w>
          <w lemma="374">כְּ/אֵיפָ֥ה</w>
          <w lemma="8184">שְׂעֹרִֽים</w><seg type="x-sof-pasuq">׃</seg> 
        </verse>
        <verse osisID="Ruth.2.18">
          <w lemma="5375">וַ/תִּשָּׂא֙</w>
          <w lemma="935">וַ/תָּב֣וֹא</w>
          <w lemma="5892">הָ/עִ֔יר</w>
          <w lemma="7200">וַ/תֵּ֥רֶא</w>
          <w lemma="2545">חֲמוֹתָ֖/הּ</w>
          <w lemma="853">אֵ֣ת</w>
          <w lemma="834">אֲשֶׁר</w><seg type="x-maqqef">־</seg><w lemma="3950">לִקֵּ֑טָה</w>
          <w lemma="3318">וַ/תּוֹצֵא֙</w>
          <w lemma="5414">וַ/תִּתֶּן</w><seg type="x-maqqef">־</seg><w>לָ֔/הּ</w>
          <w lemma="853">אֵ֥ת</w>
          <w lemma="834">אֲשֶׁר</w><seg type="x-maqqef">־</seg><w lemma="3498">הוֹתִ֖רָה</w>
          <w lemma="7648">מִ/שָּׂבְעָֽ/הּ</w><seg type="x-sof-pasuq">׃</seg> 
        </verse>
        <verse osisID="Ruth.2.19">
          <w lemma="559">וַ/תֹּאמֶר֩</w>
          <w>לָ֨/הּ</w>
          <w lemma="2545">חֲמוֹתָ֜/הּ</w>
          <w lemma="375">אֵיפֹ֨ה</w>
          <w lemma="3950">לִקַּ֤טְתְּ</w>
          <w lemma="3117">הַ/יּוֹם֙</w>
          <w lemma="575">וְ/אָ֣נָה</w>
          <w lemma="6213">עָשִׂ֔ית</w>
          <w lemma="1961">יְהִ֥י</w>
          <w lemma="5234">מַכִּירֵ֖/ךְ</w>
          <w lemma="1288">בָּר֑וּךְ</w>
          <w lemma="5046">וַ/תַּגֵּ֣ד</w>
          <w lemma="2545">לַ/חֲמוֹתָ֗/הּ</w>
          <w lemma="853">אֵ֤ת</w>
          <w lemma="834">אֲשֶׁר</w><seg type="x-maqqef">־</seg><w lemma="6213">עָשְׂתָה֙</w>
          <w lemma="5973">עִמּ֔/וֹ</w>
          <w lemma="559">וַ/תֹּ֗אמֶר</w>
          <w lemma="8034">שֵׁ֤ם</w>
          <w lemma="376">הָ/אִישׁ֙</w>
          <w lemma="834">אֲשֶׁ֨ר</w>
          <w lemma="6213">עָשִׂ֧יתִי</w>
          <w lemma="5973">עִמּ֛/וֹ</w>
          <w lemma="3117">הַ/יּ֖וֹם</w>
          <w lemma="1162">בֹּֽעַז</w><seg type="x-sof-pasuq">׃</seg> 
        </verse>
        <verse osisID="Ruth.2.20">
          <w lemma="559">וַ/תֹּ֨אמֶר</w>
          <w lemma="5281">נָעֳמִ֜י</w>
          <w lemma="3618">לְ/כַלָּתָ֗/הּ</w>
          <w lemma="1288">בָּר֥וּךְ</w>
          <w lemma="1931">הוּא֙</w>
          <w lemma="3068">לַ/יהוָ֔ה</w>
          <w lemma="834">אֲשֶׁר֙</w>
          <w lemma="3808">לֹא</w><seg type="x-maqqef">־</seg><w lemma="5800">עָזַ֣ב</w>
          <w lemma="2617">חַסְדּ֔/וֹ</w>
          <w lemma="854">אֶת</w><seg type="x-maqqef">־</seg><w lemma="2416">הַ/חַיִּ֖ים</w>
          <w lemma="854">וְ/אֶת</w><seg type="x-maqqef">־</seg><w lemma="4191">הַ/מֵּתִ֑ים</w>
          <w lemma="559">וַ/תֹּ֧אמֶר</w>
          <w>לָ֣/הּ</w>
          <w lemma="5281">נָעֳמִ֗י</w>
          <w lemma="7138">קָר֥וֹב</w>
          <w>לָ֙/נוּ֙</w>
          <w lemma="376">הָ/אִ֔ישׁ</w>
          <w lemma="1350">מִֽ/גֹּאֲלֵ֖/נוּ</w>
          <w lemma="1931">הֽוּא</w><seg type="x-sof-pasuq">׃</seg> 
        </verse>
        <verse osisID="Ruth.2.21">
          <w lemma="559">וַ/תֹּ֖אמֶר</w>
          <w lemma="7327">ר֣וּת</w>
          <w lemma="4125">הַ/מּוֹאֲבִיָּ֑ה</w>
          <w lemma="1571">גַּ֣ם</w>
          <seg type="x-paseq">׀</seg> 
          <w lemma="3588">כִּי</w><seg type="x-maqqef">־</seg><w lemma="559">אָמַ֣ר</w>
          <w lemma="413">אֵלַ֗/י</w>
          <w lemma="5973">עִם</w><seg type="x-maqqef">־</seg><w lemma="5288">הַ/נְּעָרִ֤ים</w>
          <w lemma="834">אֲשֶׁר</w><seg type="x-maqqef">־</seg><w>לִ/י֙</w>
          <w lemma="1692">תִּדְבָּקִ֔י/ן</w>
          <w lemma="5704">עַ֣ד</w>
          <w lemma="518">אִם</w><seg type="x-maqqef">־</seg><w lemma="3615">כִּלּ֔וּ</w>
          <w lemma="853">אֵ֥ת</w>
          <w lemma="3605">כָּל</w><seg type="x-maqqef">־</seg><w lemma="7105">הַ/קָּצִ֖יר</w>
          <w lemma="834">אֲשֶׁר</w><seg type="x-maqqef">־</seg><w>לִֽ/י</w><seg type="x-sof-pasuq">׃</seg> 
        </verse>
        <verse osisID="Ruth.2.22">
          <w lemma="559">וַ/תֹּ֥אמֶר</w>
          <w lemma="5281">נָעֳמִ֖י</w>
          <w lemma="413">אֶל</w><seg type="x-maqqef">־</seg><w lemma="7327">ר֣וּת</w>
          <w lemma="3618">כַּלָּתָ֑/הּ</w>
          <w lemma="2896">ט֣וֹב</w>
          <w lemma="1323">בִּתִּ֗/י</w>
          <w lemma="3588">כִּ֤י</w>
          <w lemma="3318">תֵֽצְאִי֙</w>
          <w lemma="5973">עִם</w><seg type="x-maqqef">־</seg><w lemma="5291">נַ֣עֲרוֹתָ֔י/ו</w>
          <w lemma="3808">וְ/לֹ֥א</w>
          <w lemma="6293">יִפְגְּעוּ</w><seg type="x-maqqef">־</seg><w>בָ֖/ךְ</w>
          <w lemma="7704">בְּ/שָׂדֶ֥ה</w>
          <w lemma="312">אַחֵֽר</w><seg type="x-sof-pasuq">׃</seg> 
        </verse>
        <verse osisID="Ruth.2.23">
          <w lemma="1692">וַ/תִּדְבַּ֞ק</w>
          <w lemma="5291">בְּ/נַעֲר֥וֹת</w>
          <w lemma="1162">בֹּ֙עַז֙</w>
          <w lemma="3950">לְ/לַקֵּ֔ט</w>
          <w lemma="5704">עַד</w><seg type="x-maqqef">־</seg><w lemma="3615">כְּל֥וֹת</w>
          <w lemma="7105">קְצִֽיר</w><seg type="x-maqqef">־</seg><w lemma="8184">הַ/שְּׂעֹרִ֖ים</w>
          <w lemma="7105">וּ/קְצִ֣יר</w>
          <w lemma="2406">הַֽ/חִטִּ֑ים</w>
          <w lemma="3427">וַ/תֵּ֖שֶׁב</w>
          <w lemma="854">אֶת</w><seg type="x-maqqef">־</seg><w lemma="2545">חֲמוֹתָֽ/הּ</w><seg type="x-sof-pasuq">׃</seg> 
        </verse>
      </chapter>
      <chapter osisID="Ruth.3">
        <verse osisID="Ruth.3.1">
          <w lemma="559">וַ/תֹּ֥אמֶר</w>
          <w>לָ֖/הּ</w>
          <w lemma="5281">נָעֳמִ֣י</w>
          <w lemma="2545">חֲמוֹתָ֑/הּ</w>
          <w lemma="1323">בִּתִּ֞/י</w>
          <w lemma="3808">הֲ/לֹ֧א</w>
          <w lemma="1245">אֲבַקֶּשׁ</w><seg type="x-maqqef">־</seg><w>לָ֛/ךְ</w>
          <w lemma="4494">מָנ֖וֹחַ</w>
          <w lemma="834">אֲשֶׁ֥ר</w>
          <w lemma="3190">יִֽיטַב</w><seg type="x-maqqef">־</seg><w>לָֽ/ךְ</w><seg type="x-sof-pasuq">׃</seg> 
        </verse>
        <verse osisID="Ruth.3.2">
          <w lemma="6258">וְ/עַתָּ֗ה</w>
          <w lemma="3808">הֲ/לֹ֥א</w>
          <w lemma="1162">בֹ֙עַז֙</w>
          <w lemma="4130">מֹֽדַעְתָּ֔/נוּ</w>
          <w lemma="834">אֲשֶׁ֥ר</w>
          <w lemma="1961">הָיִ֖ית</w>
          <w lemma="854">אֶת</w><seg type="x-maqqef">־</seg><w lemma="5291">נַעֲרוֹתָ֑י/ו</w>
          <w lemma="2009">הִנֵּה</w><seg type="x-maqqef">־</seg><w lemma="1931">ה֗וּא</w>
          <w lemma="2219">זֹרֶ֛ה</w>
          <w lemma="853">אֶת</w><seg type="x-maqqef">־</seg><w lemma="1637">גֹּ֥רֶן</w>
          <w lemma="8184">הַ/שְּׂעֹרִ֖ים</w>
          <w lemma="3915">הַ/לָּֽיְלָה</w><seg type="x-sof-pasuq">׃</seg> 
        </verse>
        <verse osisID="Ruth.3.3">
          <w lemma="7364">וְ/רָחַ֣צְתְּ</w>
          <seg type="x-paseq">׀</seg> 
          <w lemma="5480">וָ/סַ֗כְתְּ</w>
          <w lemma="7760">וְ/שַׂ֧מְתְּ</w>
          <w lemma="8071">שמלת/ך</w><note type="variant"><catchWord>שמלת/ך</catchWord><rdg type="x-qere"><w lemma="8071">שִׂמְלֹתַ֛יִ/ךְ</w></rdg></note>
          <w lemma="5921">עָלַ֖יִ/ךְ</w>
          <w lemma="3381">ו/ירדתי</w><note type="variant"><catchWord>ו/ירדתי</catchWord><rdg type="x-qere"><w lemma="3381">וְ/יָרַ֣דְתְּ</w></rdg></note>
          <w lemma="1637">הַ/גֹּ֑רֶן</w>
          <w lemma="408">אַל</w><seg type="x-maqqef">־</seg><w lemma="3045">תִּוָּדְעִ֣י</w>
          <w lemma="376">לָ/אִ֔ישׁ</w>
          <w lemma="5704">עַ֥ד</w>
          <w lemma="3615">כַּלֹּת֖/וֹ</w>
          <w lemma="398">לֶ/אֱכֹ֥ל</w>
          <w lemma="8354">וְ/לִ/שְׁתּֽוֹת</w><seg type="x-sof-pasuq">׃</seg> 
        </verse>
        <verse osisID="Ruth.3.4">
          <w lemma="1961">וִ/יהִ֣י</w>
          <w lemma="7901">בְ/שָׁכְב֗/וֹ</w>
          <w lemma="3045">וְ/יָדַ֙עַתְּ֙</w>
          <w lemma="853">אֶת</w><seg type="x-maqqef">־</seg><w lemma="4725">הַ/מָּקוֹם֙</w>
          <w lemma="834">אֲשֶׁ֣ר</w>
          <w lemma="7901">יִשְׁכַּב</w><seg type="x-maqqef">־</seg><w lemma="8033">שָׁ֔ם</w>
          <w lemma="935">וּ/בָ֛את</w>
          <w lemma="1540">וְ/גִלִּ֥ית</w>
          <w lemma="4772">מַרְגְּלֹתָ֖י/ו</w>
          <w lemma="7901">ו/שכבתי</w><note type="variant"><catchWord>ו/שכבתי</catchWord><rdg type="x-qere"><w lemma="7901">וְ/שָׁכָ֑בְתְּ</w></rdg></note>
          <w lemma="1931">וְ/הוּא֙</w>
          <w lemma="5046">יַגִּ֣יד</w>
          <w>לָ֔/ךְ</w>
          <w lemma="853">אֵ֖ת</w>
          <w lemma="834">אֲשֶׁ֥ר</w>
          <w lemma="6213">תַּעַשִֽׂי/ן</w><seg type="x-sof-pasuq">׃</seg> 
          <note>We read or understand L differently than BHS (1983 Edition). Often this notation indicates a typographical error in BHS.</note>
        </verse>
        <verse osisID="Ruth.3.5">
          <w lemma="559">וַ/תֹּ֖אמֶר</w>
          <w lemma="413">אֵלֶ֑י/הָ</w>
          <w lemma="3605">כֹּ֛ל</w>
          <w lemma="834">אֲשֶׁר</w><seg type="x-maqqef">־</seg><w lemma="559">תֹּאמְרִ֥י</w>
          <note type="variant"><rdg type="x-qere"><w lemma="413">אֵלַ֖/י</w></rdg></note>
          <w lemma="6213">אֶֽעֱשֶֽׂה</w><seg type="x-sof-pasuq">׃</seg> 
        </verse>
        <verse osisID="Ruth.3.6">
          <w lemma="3381">וַ/תֵּ֖רֶד</w>
          <w lemma="1637">הַ/גֹּ֑רֶן</w>
          <w lemma="6213">וַ/תַּ֕עַשׂ</w>
          <w lemma="3605">כְּ/כֹ֥ל</w>
          <w lemma="834">אֲשֶׁר</w><seg type="x-maqqef">־</seg><w lemma="6680">צִוַּ֖תָּ/ה</w>
          <w lemma="2545">חֲמוֹתָֽ/הּ</w><seg type="x-sof-pasuq">׃</seg> 
        </verse>
        <verse osisID="Ruth.3.7">
          <w lemma="398">וַ/יֹּ֨אכַל</w>
          <w lemma="1162">בֹּ֤עַז</w>
          <w lemma="8354">וַ/יֵּשְׁתְּ֙</w>
          <w lemma="3190">וַ/יִּיטַ֣ב</w>
          <w lemma="3820">לִבּ֔/וֹ</w>
          <w lemma="935">וַ/יָּבֹ֕א</w>
          <w lemma="7901">לִ/שְׁכַּ֖ב</w>
          <w lemma="7097">בִּ/קְצֵ֣ה</w>
          <w lemma="6194">הָ/עֲרֵמָ֑ה</w>
          <w lemma="935">וַ/תָּבֹ֣א</w>
          <w lemma="3909">בַ/לָּ֔ט</w>
          <w lemma="1540">וַ/תְּגַ֥ל</w>
          <w lemma="4772">מַרְגְּלֹתָ֖י/ו</w>
          <w lemma="7901">וַ/תִּשְׁכָּֽב</w><seg type="x-sof-pasuq">׃</seg> 
        </verse>
        <verse osisID="Ruth.3.8">
          <w lemma="1961">וַ/יְהִי֙</w>
          <w lemma="2677">בַּ/חֲצִ֣י</w>
          <w lemma="3915">הַ/לַּ֔יְלָה</w>
          <w lemma="2729">וַ/יֶּחֱרַ֥ד</w>
          <w lemma="376">הָ/אִ֖ישׁ</w>
          <w lemma="3943">וַ/יִּלָּפֵ֑ת</w>
          <w lemma="2009">וְ/הִנֵּ֣ה</w>
          <w lemma="802">אִשָּׁ֔ה</w>
          <w lemma="7901">שֹׁכֶ֖בֶת</w>
          <w lemma="4772">מַרְגְּלֹתָֽי/ו</w><seg type="x-sof-pasuq">׃</seg> 
        </verse>
        <verse osisID="Ruth.3.9">
          <w lemma="559">וַ/יֹּ֖אמֶר</w>
          <w lemma="4310">מִי</w><seg type="x-maqqef">־</seg><w lemma="859">אָ֑תּ</w>
          <note>BHS has been faithful to the Leningrad Codex where there might be a question of the validity of the form and we keep the same form as BHS.</note>
          <w lemma="559">וַ/תֹּ֗אמֶר</w>
          <w lemma="595">אָנֹכִי֙</w>
          <w lemma="7327">ר֣וּת</w>
          <w lemma="519">אֲמָתֶ֔/ךָ</w>
          <w lemma="6566">וּ/פָרַשְׂתָּ֤</w>
          <w lemma="3671">כְנָפֶ֙/ךָ֙</w>
          <w lemma="5921">עַל</w><seg type="x-maqqef">־</seg><w lemma="519">אֲמָ֣תְ/ךָ֔</w>
          <w lemma="3588">כִּ֥י</w>
          <w lemma="1350">גֹאֵ֖ל</w>
          <w lemma="859">אָֽתָּה</w><seg type="x-sof-pasuq">׃</seg> 
        </verse>
        <verse osisID="Ruth.3.10">
          <w lemma="559">וַ/יֹּ֗אמֶר</w>
          <w lemma="1288">בְּרוּכָ֨ה</w>
          <w lemma="859">אַ֤תְּ</w>
          <w lemma="3068">לַֽ/יהוָה֙</w>
          <w lemma="1323">בִּתִּ֔/י</w>
          <w lemma="3190">הֵיטַ֛בְתְּ</w>
          <w lemma="2617">חַסְדֵּ֥/ךְ</w>
          <w lemma="314">הָ/אַחֲר֖וֹן</w>
          <w lemma="4480">מִן</w><seg type="x-maqqef">־</seg><w lemma="7223">הָ/רִאשׁ֑וֹן</w>
          <w lemma="1115">לְ/בִלְתִּי</w><seg type="x-maqqef">־</seg><w lemma="1980">לֶ֗כֶת</w>
          <w lemma="310">אַחֲרֵי֙</w>
          <w lemma="970">הַ/בַּ֣חוּרִ֔ים</w>
          <w lemma="518">אִם</w><seg type="x-maqqef">־</seg><w lemma="1800">דַּ֖ל</w>
          <w lemma="518">וְ/אִם</w><seg type="x-maqqef">־</seg><w lemma="6223">עָשִֽׁיר</w><seg type="x-sof-pasuq">׃</seg> 
        </verse>
        <verse osisID="Ruth.3.11">
          <w lemma="6258">וְ/עַתָּ֗ה</w>
          <w lemma="1323">בִּתִּ/י֙</w>
          <w lemma="408">אַל</w><seg type="x-maqqef">־</seg><w lemma="3372">תִּ֣ירְאִ֔י</w>
          <w lemma="3605">כֹּ֥ל</w>
          <w lemma="834">אֲשֶׁר</w><seg type="x-maqqef">־</seg><w lemma="559">תֹּאמְרִ֖י</w>
          <w lemma="6213">אֶֽעֱשֶׂה</w><seg type="x-maqqef">־</seg><w>לָּ֑/ךְ</w>
          <w lemma="3588">כִּ֤י</w>
          <w lemma="3045">יוֹדֵ֙עַ֙</w>
          <w lemma="3605">כָּל</w><seg type="x-maqqef">־</seg><w lemma="8179">שַׁ֣עַר</w>
          <w lemma="5971">עַמִּ֔/י</w>
          <w lemma="3588">כִּ֛י</w>
          <w lemma="802">אֵ֥שֶׁת</w>
          <w lemma="2428">חַ֖יִל</w>
          <w lemma="859">אָֽתְּ</w><seg type="x-sof-pasuq">׃</seg> 
        </verse>
        <verse osisID="Ruth.3.12">
          <w lemma="6258">וְ/עַתָּה֙</w>
          <w lemma="3588">כִּ֣י</w>
          <w lemma="551">אָמְנָ֔ם</w>
          <w lemma="3588">כִּ֥י</w>
          <w lemma="518">אם</w>
          <note type="variant"><catchWord>אם</catchWord><rdg type="x-qere"/></note>
          <w lemma="1350">גֹאֵ֖ל</w>
          <w lemma="595">אָנֹ֑כִי</w>
          <w lemma="1571">וְ/גַ֛ם</w>
          <w lemma="3426">יֵ֥שׁ</w>
          <w lemma="1350">גֹּאֵ֖ל</w>
          <w lemma="7138">קָר֥וֹב</w>
          <w lemma="4480">מִמֶּֽ/נִּי</w><seg type="x-sof-pasuq">׃</seg> 
        </verse>
        <verse osisID="Ruth.3.13">
          <w lemma="3885">לִ֣ינִי</w>
          <seg type="x-paseq">׀</seg> 
          <w lemma="3915">הַ/לַּ֗יְלָה</w>
          <w lemma="1961">וְ/הָיָ֤ה</w>
          <w lemma="1242">בַ/בֹּ֙קֶר֙</w>
          <w lemma="518">אִם</w><seg type="x-maqqef">־</seg><w lemma="1350">יִגְאָלֵ֥/ךְ</w>
          <w lemma="2896">טוֹב֙</w>
          <w lemma="1350">יִגְאָ֔ל</w>
          <w lemma="518">וְ/אִם</w><seg type="x-maqqef">־</seg><w lemma="3808">לֹ֨א</w>
          <w lemma="2654">יַחְפֹּ֧ץ</w>
          <w lemma="1350">לְ/גָֽאֳלֵ֛/ךְ</w>
          <w lemma="1350">וּ/גְאַלְתִּ֥י/ךְ</w>
          <w lemma="595">אָנֹ֖כִי</w>
          <w lemma="2416">חַי</w><seg type="x-maqqef">־</seg><w lemma="3068">יְהוָ֑ה</w>
          <w lemma="7901">שִׁכְבִ֖י</w>
          <w lemma="5704">עַד</w><seg type="x-maqqef">־</seg><w lemma="1242">הַ/בֹּֽקֶר</w><seg type="x-sof-pasuq">׃</seg> 
        </verse>
        <verse osisID="Ruth.3.14">
          <w lemma="7901">וַ/תִּשְׁכַּ֤ב</w>
          <w lemma="4772">מרגלת/ו</w><note type="variant"><catchWord>מרגלת/ו</catchWord><rdg type="x-qere"><w lemma="4772">מַרְגְּלוֹתָי/ו֙</w></rdg></note>
          <note>We read or understand L differently than BHS (1983 Edition). Often this notation indicates a typographical error in BHS.</note>
          <w lemma="5704">עַד</w><seg type="x-maqqef">־</seg><w lemma="1242">הַ/בֹּ֔קֶר</w>
          <w lemma="6965">וַ/תָּ֕קָם</w>
          <w lemma="2958">ב/טרום</w><note type="variant"><catchWord>ב/טרום</catchWord><rdg type="x-qere"><w lemma="2958">בְּ/טֶ֛רֶם</w></rdg></note>
          <w lemma="5234">יַכִּ֥יר</w>
          <w lemma="376">אִ֖ישׁ</w>
          <w lemma="853">אֶת</w><seg type="x-maqqef">־</seg><w lemma="7453">רֵעֵ֑/הוּ</w>
          <w lemma="559">וַ/יֹּ֙אמֶר֙</w>
          <w lemma="408">אַל</w><seg type="x-maqqef">־</seg><w lemma="3045">יִוָּדַ֔ע</w>
          <w lemma="3588">כִּי</w><seg type="x-maqqef">־</seg><w lemma="935">בָ֥אָה</w>
          <w lemma="802">הָ/אִשָּׁ֖ה</w>
          <w lemma="1637">הַ/גֹּֽרֶן</w><seg type="x-sof-pasuq">׃</seg> 
        </verse>
        <verse osisID="Ruth.3.15">
          <w lemma="559">וַ/יֹּ֗אמֶר</w>
          <w lemma="3051">הָ֠בִי</w>
          <w lemma="4304">הַ/מִּטְפַּ֧חַת</w>
          <w lemma="834">אֲשֶׁר</w><seg type="x-maqqef">־</seg><w lemma="5921">עָלַ֛יִ/ךְ</w>
          <w lemma="270">וְ/אֶֽחֳזִי</w><seg type="x-maqqef">־</seg><w>בָ֖/הּ</w>
          <w lemma="270">וַ/תֹּ֣אחֶז</w>
          <w>בָּ֑/הּ</w>
          <w lemma="4058">וַ/יָּ֤מָד</w>
          <w lemma="8337">שֵׁשׁ</w><seg type="x-maqqef">־</seg><w lemma="8184">שְׂעֹרִים֙</w>
          <w lemma="7896">וַ/יָּ֣שֶׁת</w>
          <w lemma="5921">עָלֶ֔י/הָ</w>
          <w lemma="935">וַ/יָּבֹ֖א</w>
          <w lemma="5892">הָ/עִֽיר</w><seg type="x-sof-pasuq">׃</seg> 
        </verse>
        <verse osisID="Ruth.3.16">
          <w lemma="935">וַ/תָּבוֹא֙</w>
          <w lemma="413">אֶל</w><seg type="x-maqqef">־</seg><w lemma="2545">חֲמוֹתָ֔/הּ</w>
          <w lemma="559">וַ/תֹּ֖אמֶר</w>
          <w lemma="4310">מִי</w><seg type="x-maqqef">־</seg><w lemma="859">אַ֣תְּ</w>
          <w lemma="1323">בִּתִּ֑/י</w>
          <w lemma="5046">וַ/תַּ֨גֶּד</w><seg type="x-maqqef">־</seg><w>לָ֔/הּ</w>
          <w lemma="853">אֵ֛ת</w>
          <w lemma="3605">כָּל</w><seg type="x-maqqef">־</seg><w lemma="834">אֲשֶׁ֥ר</w>
          <w lemma="6213">עָֽשָׂה</w><seg type="x-maqqef">־</seg><w>לָ֖/הּ</w>
          <w lemma="376">הָ/אִֽישׁ</w><seg type="x-sof-pasuq">׃</seg> 
        </verse>
        <verse osisID="Ruth.3.17">
          <w lemma="559">וַ/תֹּ֕אמֶר</w>
          <w lemma="8337">שֵׁשׁ</w><seg type="x-maqqef">־</seg><w lemma="8184">הַ/שְּׂעֹרִ֥ים</w>
          <w lemma="428">הָ/אֵ֖לֶּה</w>
          <w lemma="5414">נָ֣תַן</w>
          <w>לִ֑/י</w>
          <w lemma="3588">כִּ֚י</w>
          <w lemma="559">אָמַ֣ר</w>
          <note type="variant"><rdg type="x-qere"><w lemma="413">אֵלַ֔/י</w></rdg></note>
          <w lemma="408">אַל</w><seg type="x-maqqef">־</seg><w lemma="935">תָּב֥וֹאִי</w>
          <w lemma="7387">רֵיקָ֖ם</w>
          <w lemma="413">אֶל</w><seg type="x-maqqef">־</seg><w lemma="2545">חֲמוֹתֵֽ/ךְ</w><seg type="x-sof-pasuq">׃</seg> 
        </verse>
        <verse osisID="Ruth.3.18">
          <w lemma="559">וַ/תֹּ֙אמֶר֙</w>
          <w lemma="3427">שְׁבִ֣י</w>
          <w lemma="1323">בִתִּ֔/י</w>
          <w lemma="5704">עַ֚ד</w>
          <w lemma="834">אֲשֶׁ֣ר</w>
          <w lemma="3045">תֵּֽדְעִ֔י/ן</w>
          <w lemma="349">אֵ֖יךְ</w>
          <w lemma="5307">יִפֹּ֣ל</w>
          <w lemma="1697">דָּבָ֑ר</w>
          <w lemma="3588">כִּ֣י</w>
          <w lemma="3808">לֹ֤א</w>
          <w lemma="8252">יִשְׁקֹט֙</w>
          <w lemma="376">הָ/אִ֔ישׁ</w>
          <w lemma="3588">כִּֽי</w><seg type="x-maqqef">־</seg><w lemma="518">אִם</w><seg type="x-maqqef">־</seg><w lemma="3615">כִּלָּ֥ה</w>
          <w lemma="1697">הַ/דָּבָ֖ר</w>
          <w lemma="3117">הַ/יּֽוֹם</w><seg type="x-sof-pasuq">׃</seg> 
        </verse>
      </chapter>
      <chapter osisID="Ruth.4">
        <verse osisID="Ruth.4.1">
          <w lemma="1162">וּ/בֹ֨עַז</w>
          <w lemma="5927">עָלָ֣ה</w>
          <w lemma="8179">הַ/שַּׁעַר֮</w>
          <w lemma="3427">וַ/יֵּ֣שֶׁב</w>
          <w lemma="8033">שָׁם֒</w>
          <w lemma="2009">וְ/הִנֵּ֨ה</w>
          <w lemma="1350">הַ/גֹּאֵ֤ל</w>
          <w lemma="5674">עֹבֵר֙</w>
          <w lemma="834">אֲשֶׁ֣ר</w>
          <w lemma="1696">דִּבֶּר</w><seg type="x-maqqef">־</seg><w lemma="1162">בֹּ֔עַז</w>
          <w lemma="559">וַ/יֹּ֛אמֶר</w>
          <w lemma="5493">ס֥וּרָ/ה</w>
          <w lemma="3427">שְׁבָ/ה</w><seg type="x-maqqef">־</seg><w lemma="6311">פֹּ֖ה</w>
          <w lemma="6423">פְּלֹנִ֣י</w>
          <w lemma="492">אַלְמֹנִ֑י</w>
          <w lemma="5493">וַ/יָּ֖סַר</w>
          <w lemma="3427">וַ/יֵּשֵֽׁב</w><seg type="x-sof-pasuq">׃</seg> 
        </verse>
        <verse osisID="Ruth.4.2">
          <w lemma="3947">וַ/יִּקַּ֞ח</w>
          <w lemma="6235">עֲשָׂרָ֧ה</w>
          <w lemma="582">אֲנָשִׁ֛ים</w>
          <w lemma="2205">מִ/זִּקְנֵ֥י</w>
          <w lemma="5892">הָ/עִ֖יר</w>
          <w lemma="559">וַ/יֹּ֣אמֶר</w>
          <w lemma="3427">שְׁבוּ</w><seg type="x-maqqef">־</seg><w lemma="6311">פֹ֑ה</w>
          <w lemma="3427">וַ/יֵּשֵֽׁבוּ</w><seg type="x-sof-pasuq">׃</seg> 
        </verse>
        <verse osisID="Ruth.4.3">
          <w lemma="559">וַ/יֹּ֙אמֶר֙</w>
          <w lemma="1350">לַ/גֹּאֵ֔ל</w>
          <w lemma="2513">חֶלְקַת֙</w>
          <w lemma="7704">הַ/שָּׂדֶ֔ה</w>
          <w lemma="834">אֲשֶׁ֥ר</w>
          <w lemma="251">לְ/אָחִ֖י/נוּ</w>
          <w lemma="458">לֶ/אֱלִימֶ֑לֶךְ</w>
          <w lemma="4376">מָכְרָ֣ה</w>
          <w lemma="5281">נָעֳמִ֔י</w>
          <w lemma="7725">הַ/שָּׁ֖בָה</w>
          <w lemma="7704">מִ/שְּׂדֵ֥ה</w>
          <w lemma="4124">מוֹאָֽב</w><seg type="x-sof-pasuq">׃</seg> 
        </verse>
        <verse osisID="Ruth.4.4">
          <w lemma="589">וַ/אֲנִ֨י</w>
          <w lemma="559">אָמַ֜רְתִּי</w>
          <w lemma="1540">אֶגְלֶ֧ה</w>
          <w lemma="241">אָזְנְ/ךָ֣</w>
          <w lemma="559">לֵ/אמֹ֗ר</w>
          <w lemma="7069">קְ֠נֵה</w>
          <w lemma="5048">נֶ֥גֶד</w>
          <w lemma="3427">הַֽ/יֹּשְׁבִים֮</w>
          <note>We read or understand L differently than BHS (1983 Edition). Often this notation indicates a typographical error in BHS.</note>
          <w lemma="5048">וְ/נֶ֣גֶד</w>
          <w lemma="2205">זִקְנֵ֣י</w>
          <w lemma="5971">עַמִּ/י֒</w>
          <w lemma="518">אִם</w><seg type="x-maqqef">־</seg><w lemma="1350">תִּגְאַל֙</w>
          <w lemma="1350">גְּאָ֔ל</w>
          <w lemma="518">וְ/אִם</w><seg type="x-maqqef">־</seg><w lemma="3808">לֹ֨א</w>
          <w lemma="1350">יִגְאַ֜ל</w>
          <w lemma="5046">הַגִּ֣ידָ/ה</w>
          <w>לִּ֗/י</w>
          <w lemma="3045">ו/אדע</w><note type="variant"><catchWord>ו/אדע</catchWord><rdg type="x-qere"><w lemma="3045">וְ/אֵֽדְעָה֙</w></rdg></note>
          <w lemma="3588">כִּ֣י</w>
          <w lemma="369">אֵ֤ין</w>
          <w lemma="2108">זוּלָֽתְ/ךָ֙</w>
          <w lemma="1350">לִ/גְא֔וֹל</w>
          <w lemma="595">וְ/אָנֹכִ֖י</w>
          <w lemma="310">אַחֲרֶ֑י/ךָ</w>
          <w lemma="559">וַ/יֹּ֖אמֶר</w>
          <w lemma="595">אָנֹכִ֥י</w>
          <w lemma="1350">אֶגְאָֽל</w><seg type="x-sof-pasuq">׃</seg> 
        </verse>
        <verse osisID="Ruth.4.5">
          <w lemma="559">וַ/יֹּ֣אמֶר</w>
          <w lemma="1162">בֹּ֔עַז</w>
          <w lemma="3117">בְּ/יוֹם</w><seg type="x-maqqef">־</seg><w lemma="7069">קְנוֹתְ/ךָ֥</w>
          <w lemma="7704">הַ/שָּׂדֶ֖ה</w>
          <w lemma="3027">מִ/יַּ֣ד</w>
          <w lemma="5281">נָעֳמִ֑י</w>
          <w lemma="854">וּ֠/מֵ/אֵת</w>
          <w lemma="7327">ר֣וּת</w>
          <w lemma="4125">הַ/מּוֹאֲבִיָּ֤ה</w>
          <w lemma="802">אֵֽשֶׁת</w><seg type="x-maqqef">־</seg><w lemma="4191">הַ/מֵּת֙</w>
          <w lemma="7069">קניתי</w><note type="variant"><catchWord>קניתי</catchWord><rdg type="x-qere"><w lemma="7069">קָנִ֔יתָה</w></rdg></note>
          <w lemma="6965">לְ/הָקִ֥ים</w>
          <w lemma="8034">שֵׁם</w><seg type="x-maqqef">־</seg><w lemma="4191">הַ/מֵּ֖ת</w>
          <w lemma="5921">עַל</w><seg type="x-maqqef">־</seg><w lemma="5159">נַחֲלָתֽ/וֹ</w><seg type="x-sof-pasuq">׃</seg> 
        </verse>
        <verse osisID="Ruth.4.6">
          <w lemma="559">וַ/יֹּ֣אמֶר</w>
          <w lemma="1350">הַ/גֹּאֵ֗ל</w>
          <w lemma="3808">לֹ֤א</w>
          <w lemma="3201">אוּכַל֙</w>
          <w lemma="1350">ל/גאול</w><note type="variant"><catchWord>ל/גאול</catchWord><rdg type="x-qere"><w lemma="1350">לִ/גְאָל</w></rdg></note>
<seg type="x-maqqef">־</seg><w lemma="1350">לִ֔/י</w>
          <w lemma="6435">פֶּן</w><seg type="x-maqqef">־</seg><w lemma="7843">אַשְׁחִ֖ית</w>
          <w lemma="853">אֶת</w><seg type="x-maqqef">־</seg><w lemma="5159">נַחֲלָתִ֑/י</w>
          <w lemma="1350">גְּאַל</w><seg type="x-maqqef">־</seg><w>לְ/ךָ֤</w>
          <w lemma="859">אַתָּה֙</w>
          <w lemma="853">אֶת</w><seg type="x-maqqef">־</seg><w lemma="1353">גְּאֻלָּתִ֔/י</w>
          <w lemma="3588">כִּ֥י</w>
          <w lemma="3808">לֹא</w><seg type="x-maqqef">־</seg><w lemma="3201">אוּכַ֖ל</w>
          <w lemma="1350">לִ/גְאֹֽל</w><seg type="x-sof-pasuq">׃</seg> 
        </verse>
        <verse osisID="Ruth.4.7">
          <w lemma="2063">וְ/זֹאת֩</w>
          <w lemma="6440">לְ/פָנִ֨ים</w>
          <w lemma="3478">בְּ/יִשְׂרָאֵ֜ל</w>
          <w lemma="5921">עַל</w><seg type="x-maqqef">־</seg><w lemma="1353">הַ/גְּאוּלָּ֤ה</w>
          <w lemma="5921">וְ/עַל</w><seg type="x-maqqef">־</seg><w lemma="8545">הַ/תְּמוּרָה֙</w>
          <w lemma="6965">לְ/קַיֵּ֣ם</w>
          <w lemma="3605">כָּל</w><seg type="x-maqqef">־</seg><w lemma="1697">דָּבָ֔ר</w>
          <w lemma="8025">שָׁלַ֥ף</w>
          <w lemma="376">אִ֛ישׁ</w>
          <w lemma="5275">נַעֲל֖/וֹ</w>
          <w lemma="5414">וְ/נָתַ֣ן</w>
          <w lemma="7453">לְ/רֵעֵ֑/הוּ</w>
          <w lemma="2063">וְ/זֹ֥את</w>
          <w lemma="8584">הַ/תְּעוּדָ֖ה</w>
          <w lemma="3478">בְּ/יִשְׂרָאֵֽל</w><seg type="x-sof-pasuq">׃</seg> 
        </verse>
        <verse osisID="Ruth.4.8">
          <w lemma="559">וַ/יֹּ֧אמֶר</w>
          <w lemma="1350">הַ/גֹּאֵ֛ל</w>
          <w lemma="1162">לְ/בֹ֖עַז</w>
          <w lemma="7069">קְנֵה</w><seg type="x-maqqef">־</seg><w>לָ֑/ךְ</w>
          <w lemma="8025">וַ/יִּשְׁלֹ֖ף</w>
          <w lemma="5275">נַעֲלֽ/וֹ</w><seg type="x-sof-pasuq">׃</seg> 
        </verse>
        <verse osisID="Ruth.4.9">
          <w lemma="559">וַ/יֹּאמֶר֩</w>
          <w lemma="1162">בֹּ֨עַז</w>
          <w lemma="2205">לַ/זְּקֵנִ֜ים</w>
          <w lemma="3605">וְ/כָל</w><seg type="x-maqqef">־</seg><w lemma="5971">הָ/עָ֗ם</w>
          <w lemma="5707">עֵדִ֤ים</w>
          <w lemma="859">אַתֶּם֙</w>
          <w lemma="3117">הַ/יּ֔וֹם</w>
          <w lemma="3588">כִּ֤י</w>
          <w lemma="7069">קָנִ֙יתִי֙</w>
          <w lemma="853">אֶת</w><seg type="x-maqqef">־</seg><w lemma="3605">כָּל</w><seg type="x-maqqef">־</seg><w lemma="834">אֲשֶׁ֣ר</w>
          <w lemma="458">לֶֽ/אֱלִימֶ֔לֶךְ</w>
          <w lemma="853">וְ/אֵ֛ת</w>
          <w lemma="3605">כָּל</w><seg type="x-maqqef">־</seg><w lemma="834">אֲשֶׁ֥ר</w>
          <w lemma="3630">לְ/כִלְי֖וֹן</w>
          <w lemma="4248">וּ/מַחְל֑וֹן</w>
          <w lemma="3027">מִ/יַּ֖ד</w>
          <w lemma="5281">נָעֳמִֽי</w><seg type="x-sof-pasuq">׃</seg> 
        </verse>
        <verse osisID="Ruth.4.10">
          <w lemma="1571">וְ/גַ֣ם</w>
          <w lemma="853">אֶת</w><seg type="x-maqqef">־</seg><w lemma="7327">ר֣וּת</w>
          <w lemma="4125">הַ/מֹּאֲבִיָּה֩</w>
          <w lemma="802">אֵ֨שֶׁת</w>
          <w lemma="4248">מַחְל֜וֹן</w>
          <w lemma="7069">קָנִ֧יתִי</w>
          <w>לִ֣/י</w>
          <w lemma="802">לְ/אִשָּׁ֗ה</w>
          <w lemma="6965">לְ/הָקִ֤ים</w>
          <w lemma="8034">שֵׁם</w><seg type="x-maqqef">־</seg><w lemma="4191">הַ/מֵּת֙</w>
          <w lemma="5921">עַל</w><seg type="x-maqqef">־</seg><w lemma="5159">נַ֣חֲלָת֔/וֹ</w>
          <w lemma="3808">וְ/לֹא</w><seg type="x-maqqef">־</seg><w lemma="3772">יִכָּרֵ֧ת</w>
          <w lemma="8034">שֵׁם</w><seg type="x-maqqef">־</seg><w lemma="4191">הַ/מֵּ֛ת</w>
          <w lemma="5973">מֵ/עִ֥ם</w>
          <w lemma="251">אֶחָ֖י/ו</w>
          <w lemma="8179">וּ/מִ/שַּׁ֣עַר</w>
          <w lemma="4725">מְקוֹמ֑/וֹ</w>
          <w lemma="5707">עֵדִ֥ים</w>
          <w lemma="859">אַתֶּ֖ם</w>
          <w lemma="3117">הַ/יּֽוֹם</w><seg type="x-sof-pasuq">׃</seg> 
        </verse>
        <verse osisID="Ruth.4.11">
          <w lemma="559">וַ/יֹּ֨אמְר֜וּ</w>
          <w lemma="3605">כָּל</w><seg type="x-maqqef">־</seg><w lemma="5971">הָ/עָ֧ם</w>
          <w lemma="834">אֲשֶׁר</w><seg type="x-maqqef">־</seg><w lemma="8179">בַּ/שַּׁ֛עַר</w>
          <w lemma="2205">וְ/הַ/זְּקֵנִ֖ים</w>
          <w lemma="5707">עֵדִ֑ים</w>
          <w lemma="5414">יִתֵּן֩</w>
          <w lemma="3068">יְהוָ֨ה</w>
          <w lemma="853">אֶֽת</w><seg type="x-maqqef">־</seg><w lemma="802">הָ/אִשָּׁ֜ה</w>
          <w lemma="935">הַ/בָּאָ֣ה</w>
          <w lemma="413">אֶל</w><seg type="x-maqqef">־</seg><w lemma="1004">בֵּיתֶ֗/ךָ</w>
          <w lemma="7354">כְּ/רָחֵ֤ל</w>
          <seg type="x-paseq">׀</seg> 
          <w lemma="3812">וּ/כְ/לֵאָה֙</w>
          <w lemma="834">אֲשֶׁ֨ר</w>
          <w lemma="1129">בָּנ֤וּ</w>
          <w lemma="8147">שְׁתֵּי/הֶם֙</w>
          <w lemma="853">אֶת</w><seg type="x-maqqef">־</seg><w lemma="1004">בֵּ֣ית</w>
          <w lemma="3478">יִשְׂרָאֵ֔ל</w>
          <w lemma="6213">וַ/עֲשֵׂה</w><seg type="x-maqqef">־</seg><w lemma="2428">חַ֣יִל</w>
          <w lemma="672">בְּ/אֶפְרָ֔תָה</w>
          <w lemma="7121">וּ/קְרָא</w><seg type="x-maqqef">־</seg><w lemma="8034">שֵׁ֖ם</w>
          <w>בְּ/בֵ֥ית</w>
          <w lemma="1035">לָֽחֶם</w><seg type="x-sof-pasuq">׃</seg> 
        </verse>
        <verse osisID="Ruth.4.12">
          <w lemma="1961">וִ/יהִ֤י</w>
          <w lemma="1004">בֵֽיתְ/ךָ֙</w>
          <w lemma="1004">כְּ/בֵ֣ית</w>
          <w lemma="6557">פֶּ֔רֶץ</w>
          <w lemma="834">אֲשֶׁר</w><seg type="x-maqqef">־</seg><w lemma="3205">יָלְדָ֥ה</w>
          <w lemma="8559">תָמָ֖ר</w>
          <w lemma="3063">לִֽ/יהוּדָ֑ה</w>
          <w lemma="4480">מִן</w><seg type="x-maqqef">־</seg><w lemma="2233">הַ/זֶּ֗רַע</w>
          <w lemma="834">אֲשֶׁ֨ר</w>
          <w lemma="5414">יִתֵּ֤ן</w>
          <w lemma="3068">יְהוָה֙</w>
          <w>לְ/ךָ֔</w>
          <w lemma="4480">מִן</w><seg type="x-maqqef">־</seg><w lemma="5291">הַֽ/נַּעֲרָ֖ה</w>
          <w lemma="2063">הַ/זֹּֽאת</w><seg type="x-sof-pasuq">׃</seg> 
        </verse>
        <verse osisID="Ruth.4.13">
          <w lemma="3947">וַ/יִּקַּ֨ח</w>
          <w lemma="1162">בֹּ֤עַז</w>
          <w lemma="853">אֶת</w><seg type="x-maqqef">־</seg><w lemma="7327">רוּת֙</w>
          <w lemma="1961">וַ/תְּהִי</w><seg type="x-maqqef">־</seg><w>ל֣/וֹ</w>
          <w lemma="802">לְ/אִשָּׁ֔ה</w>
          <w lemma="935">וַ/יָּבֹ֖א</w>
          <w lemma="413">אֵלֶ֑י/הָ</w>
          <w lemma="5414">וַ/יִּתֵּ֨ן</w>
          <w lemma="3068">יְהוָ֥ה</w>
          <w>לָ֛/הּ</w>
          <w lemma="2032">הֵרָי֖וֹן</w>
          <w lemma="3205">וַ/תֵּ֥לֶד</w>
          <w lemma="1121">בֵּֽן</w><seg type="x-sof-pasuq">׃</seg> 
        </verse>
        <verse osisID="Ruth.4.14">
          <w lemma="559">וַ/תֹּאמַ֤רְנָה</w>
          <w lemma="802">הַ/נָּשִׁים֙</w>
          <w lemma="413">אֶֽל</w><seg type="x-maqqef">־</seg><w lemma="5281">נָעֳמִ֔י</w>
          <w lemma="1288">בָּר֣וּךְ</w>
          <w lemma="3068">יְהוָ֔ה</w>
          <w lemma="834">אֲ֠שֶׁר</w>
          <w lemma="3808">לֹ֣א</w>
          <w lemma="7673">הִשְׁבִּ֥ית</w>
          <w>לָ֛/ךְ</w>
          <w lemma="1350">גֹּאֵ֖ל</w>
          <w lemma="3117">הַ/יּ֑וֹם</w>
          <w lemma="7121">וְ/יִקָּרֵ֥א</w>
          <w lemma="8034">שְׁמ֖/וֹ</w>
          <w lemma="3478">בְּ/יִשְׂרָאֵֽל</w><seg type="x-sof-pasuq">׃</seg> 
        </verse>
        <verse osisID="Ruth.4.15">
          <w lemma="1961">וְ/הָ֤יָה</w>
          <w>לָ/ךְ֙</w>
          <w lemma="7725">לְ/מֵשִׁ֣יב</w>
          <w lemma="5315">נֶ֔פֶשׁ</w>
          <w lemma="3557">וּ/לְ/כַלְכֵּ֖ל</w>
          <w lemma="853">אֶת</w><seg type="x-maqqef">־</seg><w lemma="7872">שֵׂיבָתֵ֑/ךְ</w>
          <w lemma="3588">כִּ֣י</w>
          <w lemma="3618">כַלָּתֵ֤/ךְ</w>
          <w lemma="834">אֲ‍ֽשֶׁר</w><seg type="x-maqqef">־</seg><w lemma="157">אֲהֵבַ֙תֶ/ךְ֙</w>
          <w lemma="3205">יְלָדַ֔תּ/וּ</w>
          <w lemma="834">אֲשֶׁר</w><seg type="x-maqqef">־</seg><w lemma="1931">הִיא֙</w>
          <w lemma="2896">ט֣וֹבָה</w>
          <w>לָ֔/ךְ</w>
          <w lemma="7651">מִ/שִּׁבְעָ֖ה</w>
          <w lemma="1121">בָּנִֽים</w><seg type="x-sof-pasuq">׃</seg> 
        </verse>
        <verse osisID="Ruth.4.16">
          <w lemma="3947">וַ/תִּקַּ֨ח</w>
          <w lemma="5281">נָעֳמִ֤י</w>
          <w lemma="853">אֶת</w><seg type="x-maqqef">־</seg><w lemma="3206">הַ/יֶּ֙לֶד֙</w>
          <w lemma="7896">וַ/תְּשִׁתֵ֣/הוּ</w>
          <w lemma="2436">בְ/חֵיקָ֔/הּ</w>
          <w lemma="1961">וַ/תְּהִי</w><seg type="x-maqqef">־</seg><w>ל֖/וֹ</w>
          <w lemma="539">לְ/אֹמֶֽנֶת</w><seg type="x-sof-pasuq">׃</seg> 
        </verse>
        <verse osisID="Ruth.4.17">
          <w lemma="7121">וַ/תִּקְרֶאנָה֩</w>
          <w>ל֨/וֹ</w>
          <w lemma="7934">הַ/שְּׁכֵנ֥וֹת</w>
          <w lemma="8034">שֵׁם֙</w>
          <w lemma="559">לֵ/אמֹ֔ר</w>
          <w lemma="3205">יֻלַּד</w><seg type="x-maqqef">־</seg><w lemma="1121">בֵּ֖ן</w>
          <w lemma="5281">לְ/נָעֳמִ֑י</w>
          <w lemma="7121">וַ/תִּקְרֶ֤אנָֽה</w>
          <w lemma="8034">שְׁמ/וֹ֙</w>
          <w lemma="5744">עוֹבֵ֔ד</w>
          <w lemma="1931">ה֥וּא</w>
          <w lemma="1">אֲבִי</w><seg type="x-maqqef">־</seg><w lemma="3448">יִשַׁ֖י</w>
          <w lemma="1">אֲבִ֥י</w>
          <w lemma="1732">דָוִֽד</w><seg type="x-sof-pasuq">׃</seg> 
          <seg type="x-pe">פ</seg>
        </verse>
        <verse osisID="Ruth.4.18">
          <w lemma="428">וְ/אֵ֙לֶּה֙</w>
          <w lemma="8435">תּוֹלְד֣וֹת</w>
          <w lemma="6557">פָּ֔רֶץ</w>
          <w lemma="6557">פֶּ֖רֶץ</w>
          <w lemma="3205">הוֹלִ֥יד</w>
          <w lemma="853">אֶת</w><seg type="x-maqqef">־</seg><w lemma="2696">חֶצְרֽוֹן</w><seg type="x-sof-pasuq">׃</seg> 
        </verse>
        <verse osisID="Ruth.4.19">
          <w lemma="2696">וְ/חֶצְרוֹן֙</w>
          <w lemma="3205">הוֹלִ֣יד</w>
          <w lemma="853">אֶת</w><seg type="x-maqqef">־</seg><w lemma="7410">רָ֔ם</w>
          <w lemma="7410">וְ/רָ֖ם</w>
          <w lemma="3205">הוֹלִ֥יד</w>
          <w lemma="853">אֶת</w><seg type="x-maqqef">־</seg><w lemma="5992">עַמִּֽינָדָֽב</w><seg type="x-sof-pasuq">׃</seg> 
        </verse>
        <verse osisID="Ruth.4.20">
          <w lemma="5992">וְ/עַמִּֽינָדָב֙</w>
          <w lemma="3205">הוֹלִ֣יד</w>
          <w lemma="853">אֶת</w><seg type="x-maqqef">־</seg><w lemma="5177">נַחְשׁ֔וֹן</w>
          <w lemma="5177">וְ/נַחְשׁ֖וֹן</w>
          <w lemma="3205">הוֹלִ֥יד</w>
          <w lemma="853">אֶת</w><seg type="x-maqqef">־</seg><w lemma="8009">שַׂלְמָֽה</w><seg type="x-sof-pasuq">׃</seg> 
        </verse>
        <verse osisID="Ruth.4.21">
          <w lemma="8012">וְ/שַׂלְמוֹן֙</w>
          <w lemma="3205">הוֹלִ֣יד</w>
          <w lemma="853">אֶת</w><seg type="x-maqqef">־</seg><w lemma="1162">בֹּ֔עַז</w>
          <w lemma="1162">וּ/בֹ֖עַז</w>
          <w lemma="3205">הוֹלִ֥יד</w>
          <w lemma="853">אֶת</w><seg type="x-maqqef">־</seg><w lemma="5744">עוֹבֵֽד</w><seg type="x-sof-pasuq">׃</seg> 
        </verse>
        <verse osisID="Ruth.4.22">
          <w lemma="5744">וְ/עֹבֵד֙</w>
          <w lemma="3205">הוֹלִ֣יד</w>
          <w lemma="853">אֶת</w><seg type="x-maqqef">־</seg><w lemma="3448">יִשָׁ֔י</w>
          <w lemma="3448">וְ/יִשַׁ֖י</w>
          <w lemma="3205">הוֹלִ֥יד</w>
          <w lemma="853">אֶת</w><seg type="x-maqqef">־</seg><w lemma="1732">דָּוִֽד</w><seg type="x-sof-pasuq">׃</seg> 
        </verse>
      </chapter>
    </div>
  </osisText>
</osis>
